t,I_fixed,I_smooth,slope,dx,dy
0.000000,0.038500,0.038500,0.000000,0,0
0.200000,0.038500,0.038500,0.000000,0,0
0.400000,0.038500,0.038500,0.000000,0,0
0.600000,0.038500,0.038500,0.000000,0,0
0.800000,0.038500,0.038500,0.000000,0,0
1.000000,0.038500,0.038500,0.000000,0,0
1.200000,0.038500,0.038500,0.000000,0,0
1.400000,0.038500,0.038500,0.000000,0,0
1.600000,0.038500,0.038500,0.000000,0,0
1.800000,0.038500,0.038500,0.000000,0,0
2.000000,0.038500,0.038500,0.000000,0,0
2.200000,0.038500,0.038500,0.000000,0,0
2.400000,0.038500,0.038500,0.000000,0,0
2.600000,0.038500,0.038500,0.000000,0,0
2.800000,0.038500,0.038500,0.000000,0,0
3.000000,0.038500,0.038500,0.000000,0,0
3.200000,0.038500,0.038500,0.000000,0,0
3.400000,0.038500,0.038500,0.000000,0,0
3.600000,0.038500,0.038500,0.000000,0,0
3.800000,0.038500,0.038500,0.000000,0,0
4.000000,0.038500,0.038500,0.000000,0,0
4.200000,0.038500,0.038500,0.000000,0,0
4.400000,0.038500,0.038500,0.000000,0,0
4.600000,0.038500,0.038500,0.000000,0,0
4.800000,0.038500,0.038500,0.000000,0,0
5.000000,0.038500,0.038500,0.000000,0,0
5.200000,0.038500,0.038500,0.000000,0,0
5.400000,0.038500,0.038500,0.000000,0,0
5.600000,0.038500,0.038500,0.000000,0,0
5.800000,0.038500,0.038500,0.000000,0,0
6.000000,0.038500,0.038500,0.000000,0,0
6.200000,0.038500,0.038500,0.000000,0,0
6.400000,0.038500,0.038500,0.000000,0,0
6.600000,0.038500,0.038500,0.000000,0,0
6.800000,0.038500,0.038500,0.000000,0,0
7.000000,0.038500,0.038500,0.000001,0,0
7.200000,0.038500,0.038501,0.000001,0,0
7.400000,0.038500,0.038501,0.000001,0,0
7.600000,0.038500,0.038501,0.000001,0,0
7.800000,0.038500,0.038501,0.000001,0,0
8.000000,0.038500,0.038501,0.000002,0,0
8.200000,0.038500,0.038502,0.000002,0,0
8.400000,0.038500,0.038502,0.000002,0,0
8.600000,0.038500,0.038502,0.000003,0,0
8.800000,0.038500,0.038503,0.000003,0,0
9.000000,0.038500,0.038503,0.000004,0,0
9.200000,0.038500,0.038504,0.000005,0,0
9.400000,0.038500,0.038505,0.000006,0,0
9.600000,0.038500,0.038506,0.000008,0,0
9.800000,0.038500,0.038508,0.000009,0,0
10.000000,0.038500,0.038509,0.000011,0,0
10.200000,0.038500,0.038511,0.000014,0,0
10.400000,0.038500,0.038514,0.000017,0,0
10.600000,0.038500,0.038517,0.000021,0,0
10.800000,0.038500,0.038521,0.000025,0,0
11.000000,0.038500,0.038525,0.000031,0,0
11.200000,0.038500,0.038531,0.000038,0,0
11.400000,0.038500,0.038538,0.000046,0,0
11.600000,0.038500,0.038546,0.000056,0,0
11.800000,0.038500,0.038557,0.000069,0,0
12.000000,0.038500,0.038569,0.000084,0,0
12.200000,0.038500,0.038584,0.000103,0,0
12.400000,0.038500,0.038603,0.000125,0,0
12.600000,0.038500,0.038626,0.000153,0,0
12.800000,0.038500,0.038654,0.000187,0,0
13.000000,0.038500,0.038688,0.000228,0,0
13.200000,0.038500,0.038729,0.000279,0,0
13.400000,0.038500,0.038780,0.000340,0,0
13.600000,0.038500,0.038842,0.000416,0,0
13.800000,0.038500,0.038918,0.000508,0,0
14.000000,0.038500,0.039010,0.000620,0,0
14.200000,0.038500,0.039123,0.000758,0,0
14.400000,0.038500,0.039261,0.000925,0,0
14.600000,0.038500,0.039430,0.001130,0,0
14.800000,0.038500,0.039636,0.001381,0,0
15.000000,0.038500,0.039887,0.001686,0,0
15.200000,0.038500,0.040194,0.002060,0,0
15.400000,0.038500,0.040569,0.002516,0,0
15.600000,0.038500,0.041027,0.003073,0,0
15.800000,0.038500,0.041587,0.003753,0,0
16.000000,0.038500,0.042270,0.004584,0,0
16.200001,0.038500,0.043105,0.005599,0,0
16.400000,0.038500,0.044125,0.006838,0,0
16.600000,0.038500,0.045370,0.008352,0,0
16.799999,0.038500,0.046891,0.010202,0,0
17.000000,0.038500,0.048749,0.012460,0,0
17.200001,0.038500,0.051018,0.015219,0,0
17.400000,0.038500,0.053790,0.018589,0,0
17.600000,0.038500,0.057175,0.022704,0,0
17.799999,0.038500,0.061310,0.027731,0,0
18.000000,0.038500,0.066360,0.033871,0,0
18.200001,0.038500,0.072528,0.041370,0,0
18.400000,0.038500,0.080062,0.050529,0,0
18.600000,0.038500,0.089264,0.061717,0,0
18.799999,0.038500,0.100503,0.075222,0,0
19.000000,0.038500,0.114230,0.091157,0,0
19.200001,0.038500,0.130997,0.109392,0,0
19.400000,0.038500,0.151476,0.129514,0,0
19.600000,0.038500,0.176490,0.150817,0,0
19.799999,0.038500,0.207041,0.172300,0,0
20.000000,0.038500,0.244357,0.192696,0,0
20.200001,0.160767,0.289934,0.210676,0,0
20.400000,0.270320,0.340695,0.225020,0,0
20.600000,0.370511,0.394280,0.234790,0,0
20.799999,0.462443,0.448820,0.239487,0,0
21.000000,0.546311,0.502813,0.239025,0,0
21.200001,0.621940,0.555060,0.233687,0,0
21.400000,0.689040,0.604622,0.224070,0,0
21.600000,0.747356,0.650797,0.211000,0,0
21.799999,0.796793,0.693097,0.195434,0,0
22.000000,0.837503,0.731235,0.178328,0,0
22.200001,0.869945,0.765108,0.160491,0,0
22.400000,0.894887,0.794774,0.142596,0,0
22.600000,0.913351,0.820421,0.125185,0,0
22.799999,0.926505,0.842339,0.108676,0,0
23.000000,0.935528,0.860880,0.093365,0,0
23.200001,0.941498,0.876424,0.079438,0,0
23.400000,0.945310,0.889357,0.066985,0,0
23.600000,0.947650,0.900044,0.056013,0,0
23.799999,0.949010,0.908820,0.046472,0,0
24.000000,0.949723,0.915984,0.038264,0,0
24.200001,0.950005,0.921793,0.031267,0,0
24.400000,0.949993,0.926470,0.025346,0,0
24.600000,0.949776,0.930203,0.020365,0,0
24.799999,0.949411,0.933151,0.016193,0,0
25.000000,0.948935,0.935446,0.012711,0,0
25.200001,0.948376,0.937199,0.009812,0,0
25.400000,0.947753,0.938504,0.007405,0,0
25.600000,0.947081,0.939438,0.005410,0,0
25.799999,0.946372,0.940065,0.003758,0,0
26.000000,0.945633,0.940439,0.002394,0,0
26.200001,0.944873,0.940605,0.001269,0,0
26.400000,0.944098,0.940599,0.000344,0,0
26.600000,0.943311,0.940453,-0.000415,0,0
26.799999,0.942518,0.940192,-0.001037,0,0
27.000000,0.941720,0.939838,-0.001543,0,0
27.200001,0.940922,0.939408,-0.001954,0,0
27.400000,0.940125,0.938918,-0.002285,0,0
27.600000,0.939331,0.938379,-0.002550,0,0
27.799999,0.938542,0.937802,-0.002761,0,0
28.000000,0.937759,0.937195,-0.002925,0,0
28.200001,0.936983,0.936566,-0.003052,0,0
28.400000,0.936215,0.935919,-0.003146,0,0
28.600000,0.935456,0.935261,-0.003215,0,0
28.799999,0.934706,0.934595,-0.003262,0,0
29.000000,0.933966,0.933925,-0.003290,0,0
29.200001,0.933236,0.933253,-0.003304,0,0
29.400000,0.932517,0.932582,-0.003305,0,0
29.600000,0.931809,0.931913,-0.003296,0,0
29.799999,0.931112,0.931248,-0.003279,0,0
30.000000,0.930427,0.930589,-0.003254,0,0
30.200001,0.929753,0.929937,-0.003224,0,0
30.400000,0.929090,0.929292,-0.003189,0,0
30.600000,0.928439,0.928654,-0.003151,0,0
30.799999,0.927800,0.928026,-0.003109,0,0
31.000000,0.927172,0.927407,-0.003065,0,0
31.200001,0.926555,0.926797,-0.003019,0,0
31.400000,0.925950,0.926196,-0.002972,0,0
31.600000,0.925356,0.925606,-0.002924,0,0
31.799999,0.924774,0.925026,-0.002874,0,0
32.000000,0.924202,0.924455,-0.002825,0,0
32.200001,0.923642,0.923895,-0.002775,0,0
32.400002,0.923092,0.923346,-0.002725,0,0
32.599998,0.922554,0.922806,-0.002674,0,0
32.799999,0.922026,0.922276,-0.002624,0,0
33.000000,0.921508,0.921757,-0.002575,0,0
33.200001,0.921001,0.921247,-0.002525,0,0
33.400002,0.920504,0.920747,-0.002477,0,0
33.599998,0.920016,0.920257,-0.002428,0,0
33.799999,0.919539,0.919777,-0.002380,0,0
34.000000,0.919072,0.919307,-0.002333,0,0
34.200001,0.918614,0.918845,-0.002286,0,0
34.400002,0.918165,0.918393,-0.002240,0,0
34.599998,0.917726,0.917950,-0.002195,0,0
34.799999,0.917296,0.917517,-0.002150,0,0
35.000000,0.916874,0.917092,-0.002106,0,0
35.200001,0.916462,0.916675,-0.002063,0,0
35.400002,0.916058,0.916268,-0.002021,0,0
35.599998,0.915662,0.915869,-0.001979,0,0
35.799999,0.915275,0.915478,-0.001938,0,0
36.000000,0.914896,0.915095,-0.001898,0,0
36.200001,0.914525,0.914720,-0.001858,0,0
36.400002,0.914161,0.914353,-0.001819,0,0
36.599998,0.913806,0.913994,-0.001781,0,0
36.799999,0.913457,0.913642,-0.001744,0,0
37.000000,0.913117,0.913297,-0.001707,0,0
37.200001,0.912783,0.912960,-0.001671,0,0
37.400002,0.912456,0.912630,-0.001636,0,0
37.599998,0.912137,0.912307,-0.001601,0,0
37.799999,0.911824,0.911991,-0.001567,0,0
38.000000,0.911518,0.911682,-0.001534,0,0
38.200001,0.911218,0.911379,-0.001501,0,0
38.400002,0.910925,0.911082,-0.001469,0,0
38.599998,0.910638,0.910792,-0.001438,0,0
38.799999,0.910357,0.910508,-0.001407,0,0
39.000000,0.910083,0.910231,-0.001377,0,0
39.200001,0.909814,0.909959,-0.001348,0,0
39.400002,0.909550,0.909692,-0.001319,0,0
39.599998,0.909293,0.909432,-0.001291,0,0
39.799999,0.909041,0.909177,-0.001263,0,0
40.000000,0.908795,0.908928,-0.001236,0,0
40.200001,0.908553,0.908684,-0.001210,0,0
40.400002,0.908317,0.908445,-0.001184,0,0
40.599998,0.908086,0.908211,-0.001158,0,0
40.799999,0.907860,0.907983,-0.001133,0,0
41.000000,0.907639,0.907759,-0.001109,0,0
41.200001,0.907423,0.907540,-0.001085,0,0
41.400002,0.907211,0.907326,-0.001062,0,0
41.599998,0.907004,0.907117,-0.001039,0,0
41.799999,0.906801,0.906912,-0.001016,0,0
42.000000,0.906603,0.906711,-0.000994,0,0
42.200001,0.906409,0.906515,-0.000973,0,0
42.400002,0.906219,0.906323,-0.000952,0,0
42.599998,0.906034,0.906135,-0.000931,0,0
42.799999,0.905852,0.905951,-0.000911,0,0
43.000000,0.905674,0.905771,-0.000891,0,0
43.200001,0.905501,0.905595,-0.000872,0,0
43.400002,0.905330,0.905423,-0.000853,0,0
43.599998,0.905164,0.905255,-0.000835,0,0
43.799999,0.905001,0.905090,-0.000817,0,0
44.000000,0.904842,0.904929,-0.000799,0,0
44.200001,0.904686,0.904771,-0.000782,0,0
44.400002,0.904534,0.904617,-0.000765,0,0
44.599998,0.904385,0.904466,-0.000748,0,0
44.799999,0.904239,0.904319,-0.000732,0,0
45.000000,0.904096,0.904174,-0.000716,0,0
45.200001,0.903956,0.904033,-0.000700,0,0
45.400002,0.903820,0.903895,-0.000685,0,0
45.599998,0.903686,0.903759,-0.000670,0,0
45.799999,0.903556,0.903627,-0.000656,0,0
46.000000,0.903428,0.903498,-0.000642,0,0
46.200001,0.903303,0.903371,-0.000628,0,0
46.400002,0.903180,0.903247,-0.000614,0,0
46.599998,0.903060,0.903126,-0.000601,0,0
46.799999,0.902943,0.903008,-0.000588,0,0
47.000000,0.902829,0.902892,-0.000575,0,0
47.200001,0.902717,0.902778,-0.000562,0,0
47.400002,0.902607,0.902667,-0.000550,0,0
47.599998,0.902500,0.902559,-0.000538,0,0
47.799999,0.902395,0.902453,-0.000526,0,0
48.000000,0.902292,0.902349,-0.000515,0,0
48.200001,0.902192,0.902247,-0.000504,0,0
48.400002,0.902094,0.902148,-0.000493,0,0
48.599998,0.901998,0.902051,-0.000482,0,0
48.799999,0.901904,0.901955,-0.000471,0,0
49.000000,0.901812,0.901862,-0.000461,0,0
49.200001,0.901722,0.901771,-0.000451,0,0
49.400002,0.901634,0.901682,-0.000441,0,0
49.599998,0.901548,0.901595,-0.000432,0,0
49.799999,0.901464,0.901510,-0.000422,0,0
50.000000,0.901381,0.901427,-0.000413,0,0
50.200001,0.901301,0.901345,-0.000404,0,0
50.400002,0.901222,0.901265,-0.000395,0,0
50.599998,0.901145,0.901187,-0.000387,0,0
50.799999,0.901070,0.901111,-0.000378,0,0
51.000000,0.900996,0.901037,-0.000370,0,0
51.200001,0.900924,0.900964,-0.000362,0,0
51.400002,0.900853,0.900892,-0.000354,0,0
51.599998,0.900784,0.900822,-0.000346,0,0
51.799999,0.900717,0.900754,-0.000339,0,0
52.000000,0.900651,0.900687,-0.000331,0,0
52.200001,0.900586,0.900622,-0.000324,0,0
52.400002,0.900523,0.900558,-0.000317,0,0
52.599998,0.900461,0.900495,-0.000310,0,0
52.799999,0.900401,0.900434,-0.000303,0,0
53.000000,0.900342,0.900374,-0.000297,0,0
53.200001,0.900284,0.900316,-0.000290,0,0
53.400002,0.900227,0.900258,-0.000284,0,0
53.599998,0.900172,0.900202,-0.000278,0,0
53.799999,0.900118,0.900148,-0.000272,0,0
54.000000,0.900065,0.900094,-0.000266,0,0
54.200001,0.900013,0.900041,-0.000260,0,0
54.400002,0.899962,0.899990,-0.000254,0,0
54.599998,0.899913,0.899940,-0.000249,0,0
54.799999,0.899864,0.899891,-0.000243,0,0
55.000000,0.899817,0.899843,-0.000238,0,0
55.200001,0.899770,0.899796,-0.000233,0,0
55.400002,0.899725,0.899750,-0.000228,0,0
55.599998,0.899680,0.899705,-0.000223,0,0
55.799999,0.899637,0.899661,-0.000218,0,0
56.000000,0.899595,0.899618,-0.000213,0,0
56.200001,0.899553,0.899576,-0.000209,0,0
56.400002,0.899512,0.899535,-0.000204,0,0
56.599998,0.899473,0.899495,-0.000199,0,0
56.799999,0.899434,0.899455,-0.000195,0,0
57.000000,0.899396,0.899417,-0.000191,0,0
57.200001,0.899358,0.899379,-0.000187,0,0
57.400002,0.899322,0.899342,-0.000183,0,0
57.599998,0.899286,0.899306,-0.000179,0,0
57.799999,0.899252,0.899271,-0.000175,0,0
58.000000,0.899218,0.899236,-0.000171,0,0
58.200001,0.899184,0.899203,-0.000167,0,0
58.400002,0.899152,0.899170,-0.000164,0,0
58.599998,0.899120,0.899137,-0.000160,0,0
58.799999,0.899089,0.899106,-0.000156,0,0
59.000000,0.899058,0.899075,-0.000153,0,0
59.200001,0.899028,0.899045,-0.000150,0,0
59.400002,0.898999,0.899015,-0.000146,0,0
59.599998,0.898971,0.898986,-0.000143,0,0
59.799999,0.898943,0.898958,-0.000140,0,0
60.000000,0.898915,0.898930,-0.000137,0,0
60.200001,0.898889,0.898903,-0.000134,0,0
60.400002,0.898862,0.898877,-0.000131,0,0
60.599998,0.898837,0.898851,-0.000128,0,0
60.799999,0.898812,0.898826,-0.000126,0,0
61.000000,0.898787,0.898801,-0.000123,0,0
61.200001,0.898763,0.898777,-0.000120,0,0
61.400002,0.898740,0.898753,-0.000117,0,0
61.599998,0.898717,0.898730,-0.000115,0,0
61.799999,0.898695,0.898707,-0.000112,0,0
62.000000,0.898673,0.898685,-0.000110,0,0
62.200001,0.898651,0.898663,-0.000108,0,0
62.400002,0.898630,0.898642,-0.000105,0,0
62.599998,0.898610,0.898621,-0.000103,0,0
62.799999,0.898590,0.898601,-0.000101,0,0
63.000000,0.898570,0.898581,-0.000098,0,0
63.200001,0.898551,0.898562,-0.000096,0,0
63.400002,0.898532,0.898543,-0.000094,0,0
63.599998,0.898514,0.898524,-0.000092,0,0
63.799999,0.898496,0.898506,-0.000090,0,0
64.000000,0.898479,0.898488,-0.000088,0,0
64.199997,0.898461,0.898471,-0.000086,0,0
64.400002,0.898445,0.898454,-0.000084,0,0
64.599998,0.898428,0.898437,-0.000082,0,0
64.800003,0.898412,0.898421,-0.000081,0,0
65.000000,0.898396,0.898405,-0.000079,0,0
65.199997,0.898381,0.898389,-0.000077,0,0
65.400002,0.898366,0.898374,-0.000075,0,0
65.599998,0.898351,0.898359,-0.000074,0,0
65.800003,0.898337,0.898345,-0.000072,0,0
66.000000,0.898323,0.898331,-0.000071,0,0
66.199997,0.898309,0.898317,-0.000069,0,0
66.400002,0.898296,0.898303,-0.000068,0,0
66.599998,0.898282,0.898290,-0.000066,0,0
66.800003,0.898269,0.898277,-0.000065,0,0
67.000000,0.898257,0.898264,-0.000063,0,0
67.199997,0.898245,0.898251,-0.000062,0,0
67.400002,0.898232,0.898239,-0.000061,0,0
67.599998,0.898221,0.898227,-0.000059,0,0
67.800003,0.898209,0.898216,-0.000058,0,0
68.000000,0.898198,0.898204,-0.000057,0,0
68.199997,0.898187,0.898193,-0.000055,0,0
68.400002,0.898176,0.898182,-0.000054,0,0
68.599998,0.898165,0.898171,-0.000053,0,0
68.800003,0.898155,0.898161,-0.000052,0,0
69.000000,0.898145,0.898151,-0.000051,0,0
69.199997,0.898135,0.898141,-0.000049,0,0
69.400002,0.898125,0.898131,-0.000048,0,0
69.599998,0.898116,0.898121,-0.000047,0,0
69.800003,0.898107,0.898112,-0.000046,0,0
70.000000,0.898098,0.898103,-0.000045,0,0
70.199997,0.898089,0.898094,-0.000044,0,0
70.400002,0.898080,0.898085,-0.000043,0,0
70.599998,0.898072,0.898077,-0.000042,0,0
70.800003,0.898063,0.898068,-0.000041,0,0
71.000000,0.898055,0.898060,-0.000040,0,0
71.199997,0.898047,0.898052,-0.000039,0,0
71.400002,0.898040,0.898045,-0.000038,0,0
71.599998,0.898032,0.898037,-0.000037,0,0
71.800003,0.898025,0.898030,-0.000036,0,0
72.000000,0.898017,0.898023,-0.000034,0,0
72.199997,0.898010,0.898016,-0.000033,0,0
72.400002,0.898003,0.898010,-0.000032,0,0
72.599998,0.897997,0.898003,-0.000030,0,0
72.800003,0.897990,0.897997,-0.000029,0,0
73.000000,0.897983,0.897991,-0.000027,0,0
73.199997,0.897977,0.897986,-0.000025,0,0
73.400002,0.897971,0.897981,-0.000023,0,0
73.599998,0.897965,0.897976,-0.000021,0,0
73.800003,0.897959,0.897972,-0.000018,0,0
74.000000,0.897953,0.897968,-0.000014,0,0
74.199997,0.897947,0.897965,-0.000011,0,0
74.400002,0.897942,0.897963,-0.000006,0,0
74.599998,0.897936,0.897961,-0.000001,0,0
74.800003,0.897931,0.897961,0.000006,0,0
75.000000,0.897926,0.897962,0.000014,0,0
75.199997,0.897921,0.897964,0.000023,0,0
75.400002,0.897916,0.897968,0.000035,0,0
75.599998,0.897911,0.897973,0.000048,0,0
75.800003,0.897906,0.897982,0.000065,0,0
76.000000,0.897901,0.897993,0.000085,0,0
76.199997,0.897897,0.898009,0.000110,0,0
76.400002,0.897892,0.898028,0.000140,0,0
76.599998,0.897888,0.898053,0.000176,0,0
76.800003,0.897884,0.898085,0.000220,0,0
77.000000,0.897880,0.898125,0.000274,0,0
77.199997,0.897875,0.898175,0.000340,0,0
77.400002,0.897871,0.898236,0.000421,0,0
77.599998,0.897868,0.898312,0.000519,0,0
77.800003,0.897864,0.898407,0.000638,0,0
78.000000,0.897860,0.898523,0.000784,0,0
78.199997,0.897856,0.898665,0.000962,0,0
78.400002,0.897853,0.898840,0.001180,0,0
78.599998,0.897849,0.899055,0.001446,0,0
78.800003,0.897846,0.899318,0.001767,0,0
79.000000,0.897842,0.899640,0.002151,0,0
79.199997,0.897839,0.900034,0.002596,0,0
79.400002,0.897836,0.900516,0.003101,0,0
79.599998,0.897833,0.901106,0.003654,0,0
79.800003,0.897830,0.901828,0.004240,0,0
80.000000,0.897827,0.902709,0.004837,0,0
80.199997,0.899843,0.903787,0.005421,0,0
80.400002,0.902014,0.905023,0.005967,0,0
80.599998,0.904143,0.906379,0.006454,0,0
80.800003,0.906220,0.907826,0.006868,0,0
81.000000,0.908245,0.909337,0.007200,0,0
81.199997,0.910220,0.910891,0.007449,0,0
81.400002,0.912144,0.912473,0.007618,0,0
81.599998,0.914018,0.914068,0.007715,0,0
81.800003,0.915842,0.915665,0.007751,0,0
82.000000,0.917617,0.917254,0.007737,0,0
82.199997,0.919344,0.918829,0.007681,0,0
82.400002,0.921021,0.920384,0.007592,0,0
82.599998,0.922650,0.921913,0.007476,0,0
82.800003,0.924231,0.923412,0.007337,0,0
83.000000,0.925765,0.924879,0.007180,0,0
83.199997,0.927251,0.926310,0.007008,0,0
83.400002,0.928689,0.927703,0.006824,0,0
83.599998,0.930080,0.929057,0.006629,0,0
83.800003,0.931425,0.930369,0.006426,0,0
84.000000,0.932722,0.931639,0.006216,0,0
84.199997,0.933972,0.932866,0.006000,0,0
84.400002,0.935175,0.934048,0.005778,0,0
84.599998,0.936331,0.935185,0.005552,0,0
84.800003,0.937440,0.936276,0.005321,0,0
85.000000,0.938502,0.937321,0.005086,0,0
85.199997,0.939516,0.938318,0.004847,0,0
85.400002,0.940483,0.939267,0.004605,0,0
85.599998,0.941401,0.940167,0.004358,0,0
85.800003,0.942271,0.941017,0.004107,0,0
86.000000,0.943092,0.941818,0.003852,0,0
86.199997,0.943864,0.942567,0.003592,0,0
86.400002,0.944585,0.943264,0.003328,0,0
86.599998,0.945255,0.943908,0.003058,0,0
86.800003,0.945874,0.944498,0.002782,0,0
87.000000,0.946441,0.945033,0.002500,0,0
87.199997,0.946954,0.945511,0.002211,0,0
87.400002,0.947412,0.945931,0.001914,0,0
87.599998,0.947815,0.946292,0.001609,0,0
87.800003,0.948160,0.946592,0.001295,0,0
88.000000,0.948447,0.946829,0.000971,0,0
88.199997,0.948673,0.947000,0.000636,0,0
88.400002,0.948837,0.947105,0.000289,0,0
88.599998,0.948937,0.947140,-0.000070,0,0
88.800003,0.948971,0.947103,-0.000444,0,0
89.000000,0.948936,0.946992,-0.000833,0,0
89.199997,0.948830,0.946802,-0.001238,0,0
89.400002,0.948650,0.946530,-0.001661,0,0
89.599998,0.948392,0.946174,-0.002104,0,0
89.800003,0.948054,0.945729,-0.002568,0,0
90.000000,0.947631,0.945190,-0.003055,0,0
90.199997,0.947119,0.944553,-0.003567,0,0
90.400002,0.946515,0.943814,-0.004106,0,0
90.599998,0.945813,0.942966,-0.004673,0,0
90.800003,0.945008,0.942004,-0.005271,0,0
91.000000,0.944095,0.940921,-0.005903,0,0
91.199997,0.943067,0.939711,-0.006571,0,0
91.400002,0.941917,0.938366,-0.007276,0,0
91.599998,0.940638,0.936878,-0.008023,0,0
91.800003,0.939223,0.935240,-0.008814,0,0
92.000000,0.937662,0.933442,-0.009651,0,0
92.199997,0.935947,0.931474,-0.010537,0,0
92.400002,0.934066,0.929327,-0.011475,0,0
92.599998,0.932011,0.926990,-0.012468,0,0
92.800003,0.929768,0.924451,-0.013518,0,0
93.000000,0.927325,0.921698,-0.014628,0,0
93.199997,0.924670,0.918720,-0.015800,0,0
93.400002,0.921786,0.915503,-0.017037,0,0
93.599998,0.918660,0.912035,-0.018339,0,0
93.800003,0.915276,0.908300,-0.019708,0,0
94.000000,0.911615,0.904285,-0.021144,0,0
94.199997,0.907661,0.899976,-0.022648,0,0
94.400002,0.903394,0.895358,-0.024218,0,0
94.599998,0.898797,0.890418,-0.025853,0,0
94.800003,0.893849,0.885142,-0.027550,0,0
95.000000,0.888531,0.879516,-0.029304,0,0
95.199997,0.882824,0.873529,-0.031110,0,0
95.400002,0.876709,0.867168,-0.032962,0,0
95.599998,0.870169,0.860425,-0.034852,0,0
95.800003,0.863187,0.853290,-0.036771,0,0
96.000000,0.855749,0.845759,-0.038707,0,0
96.199997,0.847844,0.837826,-0.040648,0,0
96.400002,0.839463,0.829491,-0.042582,0,0
96.599998,0.830603,0.820756,-0.044495,0,0
96.800003,0.821263,0.811626,-0.046370,0,0
97.000000,0.811450,0.802109,-0.048194,0,0
97.199997,0.801173,0.792218,-0.049949,0,0
97.400002,0.790450,0.781966,-0.051621,0,0
97.599998,0.779303,0.771375,-0.053195,0,0
97.800003,0.767761,0.760465,-0.054656,0,0
98.000000,0.755857,0.749262,-0.055991,0,0
98.199997,0.743631,0.737795,-0.057191,0,0
98.400002,0.731124,0.726093,-0.058246,0,0
98.599998,0.718383,0.714190,-0.059148,0,0
98.800003,0.705456,0.702118,-0.059893,0,0
99.000000,0.692392,0.689913,-0.060479,0,0
99.199997,0.679239,0.677608,-0.060905,0,0
99.400002,0.666044,0.665237,-0.061176,0,0
99.599998,0.652852,0.652834,-0.061294,0,0
99.800003,0.639704,0.640430,-0.061266,0,0
100.000000,0.626638,0.628056,-0.061101,0,0
100.199997,0.613687,0.615738,-0.060807,0,0
100.400002,0.600881,0.603503,-0.060396,0,0
100.599998,0.588243,0.591373,-0.059877,0,0
100.800003,0.575795,0.579368,-0.059263,0,0
101.000000,0.563552,0.567507,-0.058564,0,0
101.199997,0.551526,0.555805,-0.057791,0,0
101.400002,0.539728,0.544274,-0.056956,0,0
101.599998,0.528164,0.532926,-0.056069,0,0
101.800003,0.516837,0.521769,-0.055139,0,0
102.000000,0.505750,0.510810,-0.054174,0,0
102.199997,0.494904,0.500054,-0.053184,0,0
102.400002,0.484296,0.489505,-0.052174,0,0
102.599998,0.473925,0.479165,-0.051151,0,0
102.800003,0.463789,0.469034,-0.050121,0,0
103.000000,0.453883,0.459115,-0.049089,0,0
103.199997,0.444205,0.449406,-0.048058,0,0
103.400002,0.434749,0.439904,-0.047031,0,0
103.599998,0.425512,0.430611,-0.046013,0,0
103.800003,0.416489,0.421521,-0.045005,0,0
104.000000,0.407675,0.412634,-0.044010,0,0
104.199997,0.399066,0.403946,-0.043028,0,0
104.400002,0.390657,0.395453,-0.042061,0,0
104.599998,0.382445,0.387154,-0.041111,0,0
104.800003,0.374423,0.379042,-0.040177,0,0
105.000000,0.366588,0.371117,-0.039260,0,0
105.199997,0.358936,0.363373,-0.038361,0,0
105.400002,0.351463,0.355807,-0.037481,0,0
105.599998,0.344163,0.348416,-0.036618,0,0
105.800003,0.337034,0.341195,-0.035773,0,0
106.000000,0.330071,0.334142,-0.034946,0,0
106.199997,0.323271,0.327252,-0.034138,0,0
106.400002,0.316629,0.320521,-0.033346,0,0
106.599998,0.310142,0.313947,-0.032573,0,0
106.800003,0.303806,0.307525,-0.031817,0,0
107.000000,0.297618,0.301253,-0.031077,0,0
107.199997,0.291575,0.295127,-0.030355,0,0
107.400002,0.285672,0.289143,-0.029649,0,0
107.599998,0.279907,0.283298,-0.028959,0,0
107.800003,0.274277,0.277589,-0.028285,0,0
108.000000,0.268777,0.272014,-0.027626,0,0
108.199997,0.263407,0.266568,-0.026982,0,0
108.400002,0.258161,0.261249,-0.026354,0,0
108.599998,0.253038,0.256055,-0.025740,0,0
108.800003,0.248034,0.250981,-0.025140,0,0
109.000000,0.243147,0.246025,-0.024554,0,0
109.199997,0.238374,0.241185,-0.023982,0,0
109.400002,0.233712,0.236458,-0.023423,0,0
109.599998,0.229159,0.231841,-0.022876,0,0
109.800003,0.224712,0.227332,-0.022343,0,0
110.000000,0.220369,0.222928,-0.021822,0,0
110.199997,0.216127,0.218626,-0.021313,0,0
110.400002,0.211984,0.214425,-0.020816,0,0
110.599998,0.207938,0.210322,-0.020331,0,0
110.800003,0.203986,0.206314,-0.019857,0,0
111.000000,0.200126,0.202400,-0.019394,0,0
111.199997,0.196356,0.198578,-0.018941,0,0
111.400002,0.192674,0.194844,-0.018500,0,0
111.599998,0.189079,0.191198,-0.018068,0,0
111.800003,0.185566,0.187636,-0.017647,0,0
112.000000,0.182136,0.184158,-0.017235,0,0
112.199997,0.178786,0.180760,-0.016833,0,0
112.400002,0.175514,0.177442,-0.016441,0,0
112.599998,0.172319,0.174202,-0.016057,0,0
112.800003,0.169197,0.171037,-0.015683,0,0
113.000000,0.166149,0.167945,-0.015317,0,0
113.199997,0.163172,0.164926,-0.014960,0,0
113.400002,0.160264,0.161978,-0.014611,0,0
113.599998,0.157424,0.159098,-0.014270,0,0
113.800003,0.154650,0.156285,-0.013937,0,0
114.000000,0.151941,0.153538,-0.013612,0,0
114.199997,0.149295,0.150855,-0.013295,0,0
114.400002,0.146711,0.148234,-0.012984,0,0
114.599998,0.144187,0.145675,-0.012682,0,0
114.800003,0.141722,0.143175,-0.012386,0,0
115.000000,0.139315,0.140734,-0.012097,0,0
115.199997,0.136963,0.138349,-0.011815,0,0
115.400002,0.134667,0.136020,-0.011539,0,0
115.599998,0.132424,0.133746,-0.011270,0,0
115.800003,0.130233,0.131524,-0.011007,0,0
116.000000,0.128094,0.129355,-0.010750,0,0
116.199997,0.126004,0.127236,-0.010500,0,0
116.400002,0.123963,0.125166,-0.010255,0,0
116.599998,0.121970,0.123145,-0.010016,0,0
116.800003,0.120023,0.121170,-0.009782,0,0
117.000000,0.118122,0.119242,-0.009554,0,0
117.199997,0.116264,0.117359,-0.009331,0,0
117.400002,0.114451,0.115520,-0.009114,0,0
117.599998,0.112679,0.113723,-0.008901,0,0
117.800003,0.110949,0.111969,-0.008693,0,0
118.000000,0.109259,0.110255,-0.008491,0,0
118.199997,0.107609,0.108582,-0.008293,0,0
118.400002,0.105997,0.106947,-0.008099,0,0
118.599998,0.104423,0.105351,-0.007910,0,0
118.800003,0.102885,0.103791,-0.007726,0,0
119.000000,0.101384,0.102269,-0.007546,0,0
119.199997,0.099917,0.100781,-0.007370,0,0
119.400002,0.098484,0.099329,-0.007198,0,0
119.599998,0.097085,0.097910,-0.007030,0,0
119.800003,0.095719,0.096524,-0.006866,0,0
120.000000,0.094384,0.095171,-0.006706,0,0
120.199997,0.093081,0.093849,-0.006549,0,0
120.400002,0.091808,0.092558,-0.006396,0,0
120.599998,0.090565,0.091297,-0.006247,0,0
120.800003,0.089350,0.090066,-0.006102,0,0
121.000000,0.088164,0.088863,-0.005959,0,0
121.199997,0.087006,0.087689,-0.005820,0,0
121.400002,0.085875,0.086541,-0.005685,0,0
121.599998,0.084770,0.085421,-0.005552,0,0
121.800003,0.083690,0.084326,-0.005422,0,0
122.000000,0.082636,0.083258,-0.005296,0,0
122.199997,0.081607,0.082214,-0.005172,0,0
122.400002,0.080602,0.081194,-0.005052,0,0
122.599998,0.079620,0.080198,-0.004934,0,0
122.800003,0.078661,0.079226,-0.004819,0,0
123.000000,0.077724,0.078276,-0.004707,0,0
123.199997,0.076809,0.077348,-0.004597,0,0
123.400002,0.075915,0.076442,-0.004490,0,0
123.599998,0.075043,0.075557,-0.004385,0,0
123.800003,0.074191,0.074693,-0.004283,0,0
124.000000,0.073358,0.073849,-0.004183,0,0
124.199997,0.072545,0.073024,-0.004085,0,0
124.400002,0.071751,0.072219,-0.003990,0,0
124.599998,0.070975,0.071432,-0.003897,0,0
124.800003,0.070218,0.070664,-0.003806,0,0
125.000000,0.069478,0.069914,-0.003717,0,0
125.199997,0.068756,0.069182,-0.003630,0,0
125.400002,0.068050,0.068466,-0.003546,0,0
125.599998,0.067361,0.067767,-0.003463,0,0
125.800003,0.066688,0.067084,-0.003382,0,0
126.000000,0.066030,0.066418,-0.003303,0,0
126.199997,0.065388,0.065766,-0.003226,0,0
126.400002,0.064761,0.065131,-0.003151,0,0
126.599998,0.064148,0.064509,-0.003078,0,0
126.800003,0.063550,0.063903,-0.003006,0,0
127.000000,0.062966,0.063310,-0.002936,0,0
127.199997,0.062395,0.062732,-0.002867,0,0
127.400002,0.061838,0.062166,-0.002800,0,0
127.599998,0.061294,0.061614,-0.002735,0,0
127.800003,0.060762,0.061075,-0.002671,0,0
128.000000,0.060243,0.060549,-0.002609,0,0
128.199997,0.059736,0.060035,-0.002548,0,0
128.399994,0.059240,0.059532,-0.002489,0,0
128.600006,0.058757,0.059042,-0.002431,0,0
128.800003,0.058284,0.058563,-0.002374,0,0
129.000000,0.057823,0.058095,-0.002319,0,0
129.199997,0.057372,0.057638,-0.002265,0,0
129.399994,0.056932,0.057191,-0.002212,0,0
129.600006,0.056502,0.056755,-0.002160,0,0
129.800003,0.056082,0.056330,-0.002110,0,0
130.000000,0.055672,0.055914,-0.002061,0,0
130.199997,0.055272,0.055508,-0.002012,0,0
130.399994,0.054880,0.055111,-0.001966,0,0
130.600006,0.054498,0.054723,-0.001920,0,0
130.800003,0.054125,0.054345,-0.001875,0,0
131.000000,0.053761,0.053976,-0.001831,0,0
131.199997,0.053405,0.053615,-0.001788,0,0
131.399994,0.053057,0.053262,-0.001747,0,0
131.600006,0.052718,0.052918,-0.001706,0,0
131.800003,0.052386,0.052581,-0.001666,0,0
132.000000,0.052062,0.052253,-0.001627,0,0
132.199997,0.051746,0.051932,-0.001589,0,0
132.399994,0.051437,0.051619,-0.001552,0,0
132.600006,0.051135,0.051313,-0.001516,0,0
132.800003,0.050840,0.051014,-0.001481,0,0
133.000000,0.050553,0.050722,-0.001446,0,0
133.199997,0.050272,0.050437,-0.001413,0,0
133.399994,0.049997,0.050159,-0.001380,0,0
133.600006,0.049729,0.049887,-0.001347,0,0
133.800003,0.049467,0.049621,-0.001316,0,0
134.000000,0.049211,0.049362,-0.001285,0,0
134.199997,0.048961,0.049108,-0.001255,0,0
134.399994,0.048717,0.048861,-0.001226,0,0
134.600006,0.048479,0.048619,-0.001197,0,0
134.800003,0.048246,0.048383,-0.001170,0,0
135.000000,0.048019,0.048153,-0.001142,0,0
135.199997,0.047797,0.047928,-0.001116,0,0
135.399994,0.047580,0.047708,-0.001090,0,0
135.600006,0.047368,0.047493,-0.001064,0,0
135.800003,0.047161,0.047283,-0.001039,0,0
136.000000,0.046959,0.047078,-0.001015,0,0
136.199997,0.046762,0.046878,-0.000991,0,0
136.399994,0.046569,0.046683,-0.000968,0,0
136.600006,0.046381,0.046492,-0.000946,0,0
136.800003,0.046197,0.046306,-0.000924,0,0
137.000000,0.046018,0.046124,-0.000902,0,0
137.199997,0.045843,0.045946,-0.000881,0,0
137.399994,0.045671,0.045772,-0.000860,0,0
137.600006,0.045504,0.045603,-0.000840,0,0
137.800003,0.045341,0.045437,-0.000821,0,0
138.000000,0.045181,0.045275,-0.000802,0,0
138.199997,0.045025,0.045117,-0.000783,0,0
138.399994,0.044873,0.044963,-0.000765,0,0
138.600006,0.044724,0.044812,-0.000747,0,0
138.800003,0.044579,0.044665,-0.000729,0,0
139.000000,0.044437,0.044521,-0.000712,0,0
139.199997,0.044299,0.044381,-0.000696,0,0
139.399994,0.044164,0.044243,-0.000680,0,0
139.600006,0.044032,0.044110,-0.000664,0,0
139.800003,0.043903,0.043979,-0.000648,0,0
140.000000,0.043777,0.043851,-0.000633,0,0
140.199997,0.043654,0.043726,-0.000618,0,0
140.399994,0.043533,0.043604,-0.000604,0,0
140.600006,0.043416,0.043485,-0.000590,0,0
140.800003,0.043301,0.043369,-0.000576,0,0
141.000000,0.043189,0.043255,-0.000563,0,0
141.199997,0.043080,0.043144,-0.000550,0,0
141.399994,0.042973,0.043036,-0.000537,0,0
141.600006,0.042869,0.042930,-0.000524,0,0
141.800003,0.042767,0.042827,-0.000512,0,0
142.000000,0.042667,0.042726,-0.000500,0,0
142.199997,0.042570,0.042627,-0.000488,0,0
142.399994,0.042475,0.042531,-0.000477,0,0
142.600006,0.042383,0.042437,-0.000466,0,0
142.800003,0.042292,0.042345,-0.000455,0,0
143.000000,0.042204,0.042256,-0.000444,0,0
143.199997,0.042117,0.042168,-0.000434,0,0
143.399994,0.042033,0.042083,-0.000424,0,0
143.600006,0.041950,0.041999,-0.000414,0,0
143.800003,0.041870,0.041917,-0.000404,0,0
144.000000,0.041791,0.041838,-0.000395,0,0
144.199997,0.041715,0.041760,-0.000386,0,0
144.399994,0.041640,0.041684,-0.000377,0,0
144.600006,0.041566,0.041610,-0.000368,0,0
144.800003,0.041495,0.041537,-0.000359,0,0
145.000000,0.041425,0.041466,-0.000351,0,0
145.199997,0.041357,0.041397,-0.000343,0,0
145.399994,0.041290,0.041329,-0.000335,0,0
145.600006,0.041225,0.041263,-0.000327,0,0
145.800003,0.041162,0.041199,-0.000319,0,0
146.000000,0.041099,0.041136,-0.000312,0,0
146.199997,0.041039,0.041075,-0.000305,0,0
146.399994,0.040980,0.041015,-0.000298,0,0
146.600006,0.040922,0.040956,-0.000291,0,0
146.800003,0.040865,0.040899,-0.000284,0,0
147.000000,0.040810,0.040843,-0.000277,0,0
147.199997,0.040756,0.040788,-0.000271,0,0
147.399994,0.040704,0.040735,-0.000264,0,0
147.600006,0.040652,0.040682,-0.000258,0,0
147.800003,0.040602,0.040632,-0.000252,0,0
148.000000,0.040553,0.040582,-0.000246,0,0
148.199997,0.040505,0.040533,-0.000241,0,0
148.399994,0.040458,0.040486,-0.000235,0,0
148.600006,0.040413,0.040440,-0.000230,0,0
148.800003,0.040368,0.040394,-0.000224,0,0
149.000000,0.040324,0.040350,-0.000219,0,0
149.199997,0.040282,0.040307,-0.000214,0,0
149.399994,0.040240,0.040265,-0.000209,0,0
149.600006,0.040200,0.040224,-0.000204,0,0
149.800003,0.040160,0.040183,-0.000199,0,0
150.000000,0.040121,0.040144,-0.000195,0,0
150.199997,0.040084,0.040106,-0.000190,0,0
150.399994,0.040047,0.040068,-0.000186,0,0
150.600006,0.040011,0.040032,-0.000181,0,0
150.800003,0.039975,0.039996,-0.000177,0,0
151.000000,0.039941,0.039961,-0.000173,0,0
151.199997,0.039907,0.039927,-0.000169,0,0
151.399994,0.039875,0.039894,-0.000165,0,0
151.600006,0.039842,0.039861,-0.000161,0,0
151.800003,0.039811,0.039830,-0.000157,0,0
152.000000,0.039781,0.039799,-0.000154,0,0
152.199997,0.039751,0.039768,-0.000150,0,0
152.399994,0.039722,0.039739,-0.000147,0,0
152.600006,0.039693,0.039710,-0.000143,0,0
152.800003,0.039665,0.039682,-0.000140,0,0
153.000000,0.039638,0.039654,-0.000137,0,0
153.199997,0.039611,0.039627,-0.000133,0,0
153.399994,0.039586,0.039601,-0.000130,0,0
153.600006,0.039560,0.039575,-0.000127,0,0
153.800003,0.039536,0.039550,-0.000124,0,0
154.000000,0.039511,0.039526,-0.000121,0,0
154.199997,0.039488,0.039502,-0.000119,0,0
154.399994,0.039465,0.039478,-0.000116,0,0
154.600006,0.039442,0.039455,-0.000113,0,0
154.800003,0.039420,0.039433,-0.000110,0,0
155.000000,0.039399,0.039411,-0.000108,0,0
155.199997,0.039378,0.039390,-0.000105,0,0
155.399994,0.039357,0.039369,-0.000103,0,0
155.600006,0.039337,0.039349,-0.000100,0,0
155.800003,0.039318,0.039329,-0.000098,0,0
156.000000,0.039299,0.039310,-0.000096,0,0
156.199997,0.039280,0.039291,-0.000094,0,0
156.399994,0.039262,0.039273,-0.000091,0,0
156.600006,0.039244,0.039255,-0.000089,0,0
156.800003,0.039227,0.039237,-0.000087,0,0
157.000000,0.039210,0.039220,-0.000085,0,0
157.199997,0.039193,0.039203,-0.000083,0,0
157.399994,0.039177,0.039187,-0.000081,0,0
157.600006,0.039161,0.039171,-0.000079,0,0
157.800003,0.039146,0.039155,-0.000077,0,0
158.000000,0.039131,0.039140,-0.000076,0,0
158.199997,0.039116,0.039125,-0.000074,0,0
158.399994,0.039102,0.039110,-0.000072,0,0
158.600006,0.039088,0.039096,-0.000071,0,0
158.800003,0.039074,0.039082,-0.000069,0,0
159.000000,0.039061,0.039069,-0.000067,0,0
159.199997,0.039048,0.039055,-0.000066,0,0
159.399994,0.039035,0.039042,-0.000064,0,0
159.600006,0.039022,0.039030,-0.000063,0,0
159.800003,0.039010,0.039017,-0.000061,0,0
160.000000,0.038998,0.039005,-0.000060,0,0
160.199997,0.038987,0.038993,-0.000058,0,0
160.399994,0.038975,0.038982,-0.000057,0,0
160.600006,0.038964,0.038971,-0.000056,0,0
160.800003,0.038953,0.038960,-0.000054,0,0
161.000000,0.038943,0.038949,-0.000053,0,0
161.199997,0.038932,0.038938,-0.000052,0,0
161.399994,0.038922,0.038928,-0.000051,0,0
161.600006,0.038913,0.038918,-0.000049,0,0
161.800003,0.038903,0.038909,-0.000048,0,0
162.000000,0.038893,0.038899,-0.000047,0,0
162.199997,0.038884,0.038890,-0.000046,0,0
162.399994,0.038875,0.038881,-0.000045,0,0
162.600006,0.038867,0.038872,-0.000044,0,0
162.800003,0.038858,0.038863,-0.000043,0,0
163.000000,0.038850,0.038855,-0.000042,0,0
163.199997,0.038842,0.038846,-0.000041,0,0
163.399994,0.038834,0.038838,-0.000040,0,0
163.600006,0.038826,0.038830,-0.000039,0,0
163.800003,0.038818,0.038823,-0.000038,0,0
164.000000,0.038811,0.038815,-0.000037,0,0
164.199997,0.038804,0.038808,-0.000036,0,0
164.399994,0.038796,0.038801,-0.000036,0,0
164.600006,0.038790,0.038794,-0.000035,0,0
164.800003,0.038783,0.038787,-0.000034,0,0
165.000000,0.038776,0.038780,-0.000033,0,0
165.199997,0.038770,0.038774,-0.000032,0,0
165.399994,0.038763,0.038767,-0.000032,0,0
165.600006,0.038757,0.038761,-0.000031,0,0
165.800003,0.038751,0.038755,-0.000030,0,0
166.000000,0.038745,0.038749,-0.000029,0,0
166.199997,0.038740,0.038743,-0.000029,0,0
166.399994,0.038734,0.038737,-0.000028,0,0
166.600006,0.038729,0.038732,-0.000027,0,0
166.800003,0.038723,0.038726,-0.000027,0,0
167.000000,0.038718,0.038721,-0.000026,0,0
167.199997,0.038713,0.038716,-0.000026,0,0
167.399994,0.038708,0.038711,-0.000025,0,0
167.600006,0.038703,0.038706,-0.000024,0,0
167.800003,0.038698,0.038701,-0.000024,0,0
168.000000,0.038694,0.038696,-0.000023,0,0
168.199997,0.038689,0.038692,-0.000023,0,0
168.399994,0.038685,0.038687,-0.000022,0,0
168.600006,0.038681,0.038683,-0.000022,0,0
168.800003,0.038676,0.038679,-0.000021,0,0
169.000000,0.038672,0.038675,-0.000021,0,0
169.199997,0.038668,0.038671,-0.000020,0,0
169.399994,0.038664,0.038667,-0.000020,0,0
169.600006,0.038661,0.038663,-0.000019,0,0
169.800003,0.038657,0.038659,-0.000019,0,0
170.000000,0.038653,0.038655,-0.000018,0,0
170.199997,0.038650,0.038652,-0.000018,0,0
170.399994,0.038646,0.038648,-0.000017,0,0
170.600006,0.038643,0.038645,-0.000017,0,0
170.800003,0.038639,0.038641,-0.000017,0,0
171.000000,0.038636,0.038638,-0.000016,0,0
171.199997,0.038633,0.038635,-0.000016,0,0
171.399994,0.038630,0.038632,-0.000016,0,0
171.600006,0.038627,0.038629,-0.000015,0,0
171.800003,0.038624,0.038626,-0.000015,0,0
172.000000,0.038621,0.038623,-0.000015,0,0
172.199997,0.038618,0.038620,-0.000014,0,0
172.399994,0.038615,0.038617,-0.000014,0,0
172.600006,0.038613,0.038614,-0.000014,0,0
172.800003,0.038610,0.038612,-0.000013,0,0
173.000000,0.038607,0.038609,-0.000013,0,0
173.199997,0.038605,0.038606,-0.000013,0,0
173.399994,0.038603,0.038604,-0.000012,0,0
173.600006,0.038600,0.038602,-0.000012,0,0
173.800003,0.038598,0.038599,-0.000012,0,0
174.000000,0.038595,0.038597,-0.000011,0,0
174.199997,0.038593,0.038595,-0.000011,0,0
174.399994,0.038591,0.038592,-0.000011,0,0
174.600006,0.038589,0.038590,-0.000011,0,0
174.800003,0.038587,0.038588,-0.000010,0,0
175.000000,0.038585,0.038586,-0.000010,0,0
175.199997,0.038583,0.038584,-0.000010,0,0
175.399994,0.038581,0.038582,-0.000010,0,0
175.600006,0.038579,0.038580,-0.000009,0,0
175.800003,0.038577,0.038578,-0.000009,0,0
176.000000,0.038575,0.038576,-0.000009,0,0
176.199997,0.038574,0.038575,-0.000009,0,0
176.399994,0.038572,0.038573,-0.000009,0,0
176.600006,0.038570,0.038571,-0.000008,0,0
176.800003,0.038569,0.038570,-0.000008,0,0
177.000000,0.038567,0.038568,-0.000008,0,0
177.199997,0.038565,0.038566,-0.000008,0,0
177.399994,0.038564,0.038565,-0.000008,0,0
177.600006,0.038562,0.038563,-0.000008,0,0
177.800003,0.038561,0.038562,-0.000007,0,0
178.000000,0.038560,0.038560,-0.000007,0,0
178.199997,0.038558,0.038559,-0.000007,0,0
178.399994,0.038557,0.038558,-0.000007,0,0
178.600006,0.038555,0.038556,-0.000007,0,0
178.800003,0.038554,0.038555,-0.000006,0,0
179.000000,0.038553,0.038554,-0.000006,0,0
179.199997,0.038552,0.038552,-0.000006,0,0
179.399994,0.038550,0.038551,-0.000006,0,0
179.600006,0.038549,0.038550,-0.000006,0,0
179.800003,0.038548,0.038549,-0.000006,0,0
180.000000,0.038547,0.038548,-0.000006,0,0
180.199997,0.038546,0.038547,-0.000005,0,0
180.399994,0.038545,0.038546,-0.000005,0,0
180.600006,0.038544,0.038544,-0.000005,0,0
180.800003,0.038543,0.038543,-0.000005,0,0
181.000000,0.038542,0.038542,-0.000005,0,0
181.199997,0.038541,0.038541,-0.000005,0,0
181.399994,0.038540,0.038540,-0.000005,0,0
181.600006,0.038539,0.038539,-0.000005,0,0
181.800003,0.038538,0.038539,-0.000005,0,0
182.000000,0.038537,0.038538,-0.000004,0,0
182.199997,0.038536,0.038537,-0.000004,0,0
182.399994,0.038535,0.038536,-0.000004,0,0
182.600006,0.038535,0.038535,-0.000004,0,0
182.800003,0.038534,0.038534,-0.000004,0,0
183.000000,0.038533,0.038533,-0.000004,0,0
183.199997,0.038532,0.038533,-0.000004,0,0
183.399994,0.038531,0.038532,-0.000004,0,0
183.600006,0.038531,0.038531,-0.000004,0,0
183.800003,0.038530,0.038530,-0.000004,0,0
184.000000,0.038529,0.038530,-0.000004,0,0
184.199997,0.038529,0.038529,-0.000003,0,0
184.399994,0.038528,0.038528,-0.000003,0,0
184.600006,0.038527,0.038528,-0.000003,0,0
184.800003,0.038527,0.038527,-0.000003,0,0
185.000000,0.038526,0.038526,-0.000003,0,0
185.199997,0.038525,0.038526,-0.000003,0,0
185.399994,0.038525,0.038525,-0.000003,0,0
185.600006,0.038524,0.038525,-0.000003,0,0
185.800003,0.038524,0.038524,-0.000003,0,0
186.000000,0.038523,0.038524,-0.000003,0,0
186.199997,0.038523,0.038523,-0.000003,0,0
186.399994,0.038522,0.038522,-0.000003,0,0
186.600006,0.038522,0.038522,-0.000003,0,0
186.800003,0.038521,0.038521,-0.000003,0,0
187.000000,0.038521,0.038521,-0.000002,0,0
187.199997,0.038520,0.038520,-0.000002,0,0
187.399994,0.038520,0.038520,-0.000002,0,0
187.600006,0.038519,0.038519,-0.000002,0,0
187.800003,0.038519,0.038519,-0.000002,0,0
188.000000,0.038518,0.038519,-0.000002,0,0
188.199997,0.038518,0.038518,-0.000002,0,0
188.399994,0.038517,0.038518,-0.000002,0,0
188.600006,0.038517,0.038517,-0.000002,0,0
188.800003,0.038517,0.038517,-0.000002,0,0
189.000000,0.038516,0.038516,-0.000002,0,0
189.199997,0.038516,0.038516,-0.000002,0,0
189.399994,0.038516,0.038516,-0.000002,0,0
189.600006,0.038515,0.038515,-0.000002,0,0
189.800003,0.038515,0.038515,-0.000002,0,0
190.000000,0.038514,0.038515,-0.000002,0,0
190.199997,0.038514,0.038514,-0.000002,0,0
190.399994,0.038514,0.038514,-0.000002,0,0
190.600006,0.038513,0.038514,-0.000002,0,0
190.800003,0.038513,0.038513,-0.000002,0,0
191.000000,0.038513,0.038513,-0.000002,0,0
191.199997,0.038513,0.038513,-0.000002,0,0
191.399994,0.038512,0.038512,-0.000001,0,0
191.600006,0.038512,0.038512,-0.000001,0,0
191.800003,0.038512,0.038512,-0.000001,0,0
192.000000,0.038511,0.038512,-0.000001,0,0
192.199997,0.038511,0.038511,-0.000001,0,0
192.399994,0.038511,0.038511,-0.000001,0,0
192.600006,0.038511,0.038511,-0.000001,0,0
192.800003,0.038510,0.038511,-0.000001,0,0
193.000000,0.038510,0.038510,-0.000001,0,0
193.199997,0.038510,0.038510,-0.000001,0,0
193.399994,0.038510,0.038510,-0.000001,0,0
193.600006,0.038509,0.038510,-0.000001,0,0
193.800003,0.038509,0.038509,-0.000001,0,0
194.000000,0.038509,0.038509,-0.000001,0,0
194.199997,0.038509,0.038509,-0.000001,0,0
194.399994,0.038509,0.038509,-0.000001,0,0
194.600006,0.038508,0.038508,-0.000001,0,0
194.800003,0.038508,0.038508,-0.000001,0,0
195.000000,0.038508,0.038508,-0.000001,0,0
195.199997,0.038508,0.038508,-0.000001,0,0
195.399994,0.038508,0.038508,-0.000001,0,0
195.600006,0.038507,0.038508,-0.000001,0,0
195.800003,0.038507,0.038507,-0.000001,0,0
196.000000,0.038507,0.038507,-0.000001,0,0
196.199997,0.038507,0.038507,-0.000001,0,0
196.399994,0.038507,0.038507,-0.000001,0,0
196.600006,0.038507,0.038507,-0.000001,0,0
196.800003,0.038506,0.038507,-0.000001,0,0
197.000000,0.038506,0.038506,-0.000001,0,0
197.199997,0.038506,0.038506,-0.000001,0,0
197.399994,0.038506,0.038506,-0.000001,0,0
197.600006,0.038506,0.038506,-0.000001,0,0
197.800003,0.038506,0.038506,-0.000001,0,0
198.000000,0.038506,0.038506,-0.000001,0,0
198.199997,0.038505,0.038506,-0.000001,0,0
198.399994,0.038505,0.038505,0.000000,0,0
198.600006,0.038505,0.038505,0.000000,0,0
198.800003,0.038505,0.038505,0.000000,0,0
199.000000,0.038505,0.038505,0.000000,0,0
199.199997,0.038505,0.038505,0.000000,0,0
199.399994,0.038505,0.038505,0.000000,0,0
199.600006,0.038505,0.038505,0.000000,0,0
199.800003,0.038505,0.038505,0.000000,0,0
200.000000,0.038504,0.038505,0.000000,0,0
