t,region
0.000000,1
0.200000,1
0.400000,1
0.600000,1
0.800000,1
1.000000,1
1.200000,1
1.400000,1
1.600000,1
1.800000,1
2.000000,1
2.200000,1
2.400000,1
2.600000,1
2.800000,1
3.000000,1
3.200000,1
3.400000,1
3.600000,1
3.800000,1
4.000000,1
4.200000,1
4.400000,1
4.600000,1
4.800000,1
5.000000,1
5.200000,1
5.400000,1
5.600000,1
5.800000,1
6.000000,1
6.200000,1
6.400000,1
6.600000,1
6.800000,1
7.000000,1
7.200000,1
7.400000,1
7.600000,1
7.800000,1
8.000000,1
8.200000,1
8.400000,1
8.600000,1
8.800000,1
9.000000,1
9.200000,1
9.400000,1
9.600000,1
9.800000,1
10.000000,1
10.200000,1
10.400000,1
10.600000,1
10.800000,1
11.000000,1
11.200000,1
11.400000,1
11.600000,1
11.800000,1
12.000000,1
12.200000,1
12.400000,1
12.600000,1
12.800000,1
13.000000,1
13.200000,1
13.400000,1
13.600000,1
13.800000,1
14.000000,1
14.200000,1
14.400000,1
14.600000,1
14.800000,1
15.000000,1
15.200000,1
15.400000,1
15.600000,1
15.800000,1
16.000000,1
16.200001,1
16.400000,1
16.600000,1
16.799999,1
17.000000,1
17.200001,1
17.400000,1
17.600000,1
17.799999,1
18.000000,1
18.200001,1
18.400000,1
18.600000,1
18.799999,1
19.000000,1
19.200001,1
19.400000,1
19.600000,1
19.799999,2
20.000000,2
20.200001,2
20.400000,2
20.600000,2
20.799999,2
21.000000,2
21.200001,2
21.400000,2
21.600000,2
21.799999,2
22.000000,2
22.200001,2
22.400000,2
22.600000,2
22.799999,2
23.000000,2
23.200001,2
23.400000,2
23.600000,2
23.799999,2
24.000000,2
24.200001,2
24.400000,2
24.600000,2
24.799999,2
25.000000,2
25.200001,2
25.400000,2
25.600000,2
25.799999,2
26.000000,2
26.200001,2
26.400000,2
26.600000,2
26.799999,2
27.000000,2
27.200001,2
27.400000,2
27.600000,2
27.799999,2
28.000000,2
28.200001,2
28.400000,2
28.600000,2
28.799999,2
29.000000,3
29.200001,3
29.400000,3
29.600000,3
29.799999,3
30.000000,3
30.200001,3
30.400000,3
30.600000,3
30.799999,3
31.000000,3
31.200001,3
31.400000,3
31.600000,3
31.799999,3
32.000000,3
32.200001,3
32.400002,3
32.599998,3
32.799999,3
33.000000,3
33.200001,3
33.400002,3
33.599998,3
33.799999,3
34.000000,3
34.200001,3
34.400002,3
34.599998,3
34.799999,3
35.000000,3
35.200001,3
35.400002,3
35.599998,3
35.799999,3
36.000000,3
36.200001,3
36.400002,3
36.599998,3
36.799999,3
37.000000,3
37.200001,3
37.400002,3
37.599998,3
37.799999,3
38.000000,3
38.200001,3
38.400002,3
38.599998,3
38.799999,3
39.000000,3
39.200001,3
39.400002,3
39.599998,3
39.799999,3
40.000000,3
40.200001,3
40.400002,3
40.599998,3
40.799999,3
41.000000,3
41.200001,3
41.400002,3
41.599998,3
41.799999,3
42.000000,3
42.200001,3
42.400002,3
42.599998,3
42.799999,3
43.000000,3
43.200001,3
43.400002,3
43.599998,3
43.799999,3
44.000000,3
44.200001,3
44.400002,3
44.599998,3
44.799999,3
45.000000,3
45.200001,3
45.400002,3
45.599998,3
45.799999,3
46.000000,3
46.200001,3
46.400002,3
46.599998,3
46.799999,3
47.000000,3
47.200001,3
47.400002,3
47.599998,3
47.799999,3
48.000000,3
48.200001,3
48.400002,3
48.599998,3
48.799999,3
49.000000,3
49.200001,3
49.400002,3
49.599998,3
49.799999,3
50.000000,3
50.200001,3
50.400002,3
50.599998,3
50.799999,3
51.000000,3
51.200001,3
51.400002,3
51.599998,3
51.799999,3
52.000000,3
52.200001,3
52.400002,3
52.599998,3
52.799999,3
53.000000,3
53.200001,3
53.400002,3
53.599998,3
53.799999,3
54.000000,3
54.200001,3
54.400002,3
54.599998,3
54.799999,3
55.000000,3
55.200001,3
55.400002,3
55.599998,3
55.799999,3
56.000000,3
56.200001,3
56.400002,3
56.599998,3
56.799999,3
57.000000,3
57.200001,3
57.400002,3
57.599998,3
57.799999,3
58.000000,3
58.200001,3
58.400002,3
58.599998,3
58.799999,3
59.000000,3
59.200001,3
59.400002,3
59.599998,3
59.799999,3
60.000000,3
60.200001,3
60.400002,3
60.599998,3
60.799999,3
61.000000,3
61.200001,3
61.400002,3
61.599998,3
61.799999,3
62.000000,3
62.200001,3
62.400002,3
62.599998,3
62.799999,3
63.000000,3
63.200001,3
63.400002,3
63.599998,3
63.799999,3
64.000000,3
64.199997,3
64.400002,3
64.599998,3
64.800003,3
65.000000,3
65.199997,3
65.400002,3
65.599998,3
65.800003,3
66.000000,3
66.199997,3
66.400002,3
66.599998,3
66.800003,3
67.000000,3
67.199997,3
67.400002,3
67.599998,3
67.800003,3
68.000000,3
68.199997,3
68.400002,3
68.599998,3
68.800003,3
69.000000,3
69.199997,3
69.400002,3
69.599998,3
69.800003,3
70.000000,3
70.199997,3
70.400002,3
70.599998,3
70.800003,3
71.000000,3
71.199997,3
71.400002,3
71.599998,3
71.800003,3
72.000000,3
72.199997,3
72.400002,3
72.599998,3
72.800003,3
73.000000,3
73.199997,3
73.400002,3
73.599998,3
73.800003,3
74.000000,3
74.199997,3
74.400002,3
74.599998,3
74.800003,3
75.000000,3
75.199997,3
75.400002,3
75.599998,3
75.800003,3
76.000000,3
76.199997,3
76.400002,3
76.599998,3
76.800003,3
77.000000,3
77.199997,3
77.400002,3
77.599998,3
77.800003,3
78.000000,3
78.199997,3
78.400002,3
78.599998,3
78.800003,3
79.000000,3
79.199997,3
79.400002,3
79.599998,3
79.800003,4
80.000000,4
80.199997,4
80.400002,4
80.599998,4
80.800003,4
81.000000,4
81.199997,4
81.400002,4
81.599998,4
81.800003,4
82.000000,4
82.199997,4
82.400002,4
82.599998,4
82.800003,4
83.000000,4
83.199997,4
83.400002,4
83.599998,4
83.800003,4
84.000000,4
84.199997,4
84.400002,4
84.599998,4
84.800003,4
85.000000,4
85.199997,4
85.400002,4
85.599998,4
85.800003,4
86.000000,4
86.199997,4
86.400002,4
86.599998,4
86.800003,4
87.000000,4
87.199997,4
87.400002,4
87.599998,4
87.800003,4
88.000000,4
88.199997,4
88.400002,4
88.599998,4
88.800003,4
89.000000,4
89.199997,4
89.400002,4
89.599998,4
89.800003,4
90.000000,4
90.199997,4
90.400002,4
90.599998,4
90.800003,4
91.000000,4
91.199997,4
91.400002,4
91.599998,4
91.800003,4
92.000000,4
92.199997,4
92.400002,4
92.599998,4
92.800003,4
93.000000,4
93.199997,4
93.400002,4
93.599998,4
93.800003,4
94.000000,4
94.199997,4
94.400002,4
94.599998,4
94.800003,4
95.000000,4
95.199997,4
95.400002,4
95.599998,4
95.800003,4
96.000000,4
96.199997,4
96.400002,4
96.599998,4
96.800003,4
97.000000,4
97.199997,4
97.400002,4
97.599998,4
97.800003,4
98.000000,4
98.199997,4
98.400002,4
98.599998,4
98.800003,4
99.000000,4
99.199997,4
99.400002,4
99.599998,4
99.800003,4
100.000000,4
100.199997,4
100.400002,4
100.599998,4
100.800003,4
101.000000,4
101.199997,4
101.400002,4
101.599998,4
101.800003,4
102.000000,4
102.199997,4
102.400002,4
102.599998,4
102.800003,4
103.000000,4
103.199997,4
103.400002,4
103.599998,4
103.800003,4
104.000000,4
104.199997,4
104.400002,4
104.599998,4
104.800003,4
105.000000,4
105.199997,4
105.400002,4
105.599998,4
105.800003,4
106.000000,4
106.199997,4
106.400002,4
106.599998,4
106.800003,4
107.000000,4
107.199997,4
107.400002,4
107.599998,4
107.800003,4
108.000000,4
108.199997,4
108.400002,4
108.599998,4
108.800003,4
109.000000,4
109.199997,4
109.400002,4
109.599998,4
109.800003,4
110.000000,4
110.199997,4
110.400002,4
110.599998,5
110.800003,5
111.000000,5
111.199997,5
111.400002,5
111.599998,5
111.800003,5
112.000000,5
112.199997,5
112.400002,5
112.599998,5
112.800003,5
113.000000,5
113.199997,5
113.400002,5
113.599998,5
113.800003,5
114.000000,5
114.199997,5
114.400002,5
114.599998,5
114.800003,5
115.000000,5
115.199997,5
115.400002,5
115.599998,5
115.800003,5
116.000000,5
116.199997,5
116.400002,5
116.599998,5
116.800003,5
117.000000,5
117.199997,5
117.400002,5
117.599998,5
117.800003,5
118.000000,5
118.199997,5
118.400002,5
118.599998,5
118.800003,5
119.000000,5
119.199997,5
119.400002,5
119.599998,5
119.800003,5
120.000000,5
120.199997,5
120.400002,5
120.599998,5
120.800003,5
121.000000,5
121.199997,5
121.400002,5
121.599998,5
121.800003,5
122.000000,5
122.199997,5
122.400002,5
122.599998,5
122.800003,5
123.000000,5
123.199997,5
123.400002,5
123.599998,5
123.800003,5
124.000000,5
124.199997,5
124.400002,5
124.599998,5
124.800003,5
125.000000,5
125.199997,5
125.400002,5
125.599998,5
125.800003,5
126.000000,5
126.199997,5
126.400002,5
126.599998,5
126.800003,5
127.000000,5
127.199997,5
127.400002,5
127.599998,5
127.800003,5
128.000000,5
128.199997,5
128.399994,5
128.600006,5
128.800003,5
129.000000,5
129.199997,5
129.399994,5
129.600006,5
129.800003,5
130.000000,5
130.199997,5
130.399994,5
130.600006,5
130.800003,5
131.000000,5
131.199997,5
131.399994,5
131.600006,5
131.800003,5
132.000000,5
132.199997,5
132.399994,5
132.600006,5
132.800003,5
133.000000,5
133.199997,5
133.399994,5
133.600006,5
133.800003,5
134.000000,5
134.199997,5
134.399994,5
134.600006,5
134.800003,5
135.000000,5
135.199997,5
135.399994,5
135.600006,5
135.800003,5
136.000000,5
136.199997,5
136.399994,5
136.600006,5
136.800003,5
137.000000,5
137.199997,5
137.399994,5
137.600006,5
137.800003,5
138.000000,5
138.199997,5
138.399994,5
138.600006,5
138.800003,5
139.000000,5
139.199997,5
139.399994,5
139.600006,5
139.800003,5
140.000000,5
140.199997,5
140.399994,5
140.600006,5
140.800003,5
141.000000,5
141.199997,5
141.399994,5
141.600006,5
141.800003,5
142.000000,5
142.199997,5
142.399994,5
142.600006,5
142.800003,5
143.000000,5
143.199997,5
143.399994,5
143.600006,5
143.800003,5
144.000000,5
144.199997,5
144.399994,5
144.600006,5
144.800003,5
145.000000,5
145.199997,5
145.399994,5
145.600006,5
145.800003,5
146.000000,5
146.199997,5
146.399994,5
146.600006,5
146.800003,5
147.000000,5
147.199997,5
147.399994,5
147.600006,5
147.800003,5
148.000000,5
148.199997,5
148.399994,5
148.600006,5
148.800003,5
149.000000,5
149.199997,5
149.399994,5
149.600006,5
149.800003,5
150.000000,5
150.199997,5
150.399994,5
150.600006,5
150.800003,5
151.000000,5
151.199997,5
151.399994,5
151.600006,5
151.800003,5
152.000000,5
152.199997,5
152.399994,5
152.600006,5
152.800003,5
153.000000,5
153.199997,5
153.399994,5
153.600006,5
153.800003,5
154.000000,5
154.199997,5
154.399994,5
154.600006,5
154.800003,5
155.000000,5
155.199997,5
155.399994,5
155.600006,5
155.800003,5
156.000000,5
156.199997,5
156.399994,5
156.600006,5
156.800003,5
157.000000,5
157.199997,5
157.399994,5
157.600006,5
157.800003,5
158.000000,5
158.199997,5
158.399994,5
158.600006,5
158.800003,5
159.000000,5
159.199997,5
159.399994,5
159.600006,5
159.800003,5
160.000000,5
160.199997,5
160.399994,5
160.600006,5
160.800003,5
161.000000,5
161.199997,5
161.399994,5
161.600006,5
161.800003,5
162.000000,5
162.199997,5
162.399994,5
162.600006,5
162.800003,5
163.000000,5
163.199997,5
163.399994,5
163.600006,5
163.800003,5
164.000000,5
164.199997,5
164.399994,5
164.600006,5
164.800003,5
165.000000,5
165.199997,5
165.399994,5
165.600006,5
165.800003,5
166.000000,5
166.199997,5
166.399994,5
166.600006,5
166.800003,5
167.000000,5
167.199997,5
167.399994,5
167.600006,5
167.800003,5
168.000000,5
168.199997,5
168.399994,5
168.600006,5
168.800003,5
169.000000,5
169.199997,5
169.399994,5
169.600006,5
169.800003,5
170.000000,5
170.199997,5
170.399994,5
170.600006,5
170.800003,5
171.000000,5
171.199997,5
171.399994,5
171.600006,5
171.800003,5
172.000000,5
172.199997,5
172.399994,5
172.600006,5
172.800003,5
173.000000,5
173.199997,5
173.399994,5
173.600006,5
173.800003,5
174.000000,5
174.199997,5
174.399994,5
174.600006,5
174.800003,5
175.000000,5
175.199997,5
175.399994,5
175.600006,5
175.800003,5
176.000000,5
176.199997,5
176.399994,5
176.600006,5
176.800003,5
177.000000,5
177.199997,5
177.399994,5
177.600006,5
177.800003,5
178.000000,5
178.199997,5
178.399994,5
178.600006,5
178.800003,5
179.000000,5
179.199997,5
179.399994,5
179.600006,5
179.800003,5
180.000000,5
180.199997,5
180.399994,5
180.600006,5
180.800003,5
181.000000,5
181.199997,5
181.399994,5
181.600006,5
181.800003,5
182.000000,5
182.199997,5
182.399994,5
182.600006,5
182.800003,5
183.000000,5
183.199997,5
183.399994,5
183.600006,5
183.800003,5
184.000000,5
184.199997,5
184.399994,5
184.600006,5
184.800003,5
185.000000,5
185.199997,5
185.399994,5
185.600006,5
185.800003,5
186.000000,5
186.199997,5
186.399994,5
186.600006,5
186.800003,5
187.000000,5
187.199997,5
187.399994,5
187.600006,5
187.800003,5
188.000000,5
188.199997,5
188.399994,5
188.600006,5
188.800003,5
189.000000,5
189.199997,5
189.399994,5
189.600006,5
189.800003,5
190.000000,5
190.199997,5
190.399994,5
190.600006,5
190.800003,5
191.000000,5
191.199997,5
191.399994,5
191.600006,5
191.800003,5
192.000000,5
192.199997,5
192.399994,5
192.600006,5
192.800003,5
193.000000,5
193.199997,5
193.399994,5
193.600006,5
193.800003,5
194.000000,5
194.199997,5
194.399994,5
194.600006,5
194.800003,5
195.000000,5
195.199997,5
195.399994,5
195.600006,5
195.800003,5
196.000000,5
196.199997,5
196.399994,5
196.600006,5
196.800003,5
197.000000,5
197.199997,5
197.399994,5
197.600006,5
197.800003,5
198.000000,5
198.199997,5
198.399994,5
198.600006,5
198.800003,5
199.000000,5
199.199997,5
199.399994,5
199.600006,5
199.800003,5
200.000000,5
200.199997,5
200.399994,5
200.600006,5
200.800003,5
201.000000,5
201.199997,5
201.399994,5
201.600006,5
201.800003,5
202.000000,5
202.199997,5
202.399994,5
202.600006,5
202.800003,5
203.000000,5
203.199997,5
203.399994,5
203.600006,5
203.800003,5
204.000000,5
204.199997,5
204.399994,5
204.600006,5
204.800003,5
205.000000,5
205.199997,5
205.399994,5
205.600006,5
205.800003,5
206.000000,5
206.199997,5
206.399994,5
206.600006,5
206.800003,5
207.000000,5
207.199997,5
207.399994,5
207.600006,5
207.800003,5
208.000000,5
208.199997,5
208.399994,5
208.600006,5
208.800003,5
209.000000,5
209.199997,5
209.399994,5
209.600006,5
209.800003,5
210.000000,5
210.199997,5
210.399994,5
210.600006,5
210.800003,5
211.000000,5
211.199997,5
211.399994,5
211.600006,5
211.800003,5
212.000000,5
212.199997,5
212.399994,5
212.600006,5
212.800003,5
213.000000,5
213.199997,5
213.399994,5
213.600006,5
213.800003,5
214.000000,5
214.199997,5
214.399994,5
214.600006,5
214.800003,5
215.000000,5
215.199997,5
215.399994,5
215.600006,5
215.800003,5
216.000000,5
216.199997,5
216.399994,5
216.600006,5
216.800003,5
217.000000,5
217.199997,5
217.399994,5
217.600006,5
217.800003,5
218.000000,5
218.199997,5
218.399994,5
218.600006,5
218.800003,5
219.000000,5
219.199997,5
219.399994,5
219.600006,5
219.800003,5
220.000000,5
220.199997,5
220.399994,5
220.600006,5
220.800003,5
221.000000,5
221.199997,5
221.399994,5
221.600006,5
221.800003,5
222.000000,5
222.199997,5
222.399994,5
222.600006,5
222.800003,5
223.000000,5
223.199997,5
223.399994,5
223.600006,5
223.800003,5
224.000000,5
224.199997,5
224.399994,5
224.600006,5
224.800003,5
225.000000,5
225.199997,5
225.399994,5
225.600006,5
225.800003,5
226.000000,5
226.199997,5
226.399994,5
226.600006,5
226.800003,5
227.000000,5
227.199997,5
227.399994,5
227.600006,5
227.800003,5
228.000000,5
228.199997,5
228.399994,5
228.600006,5
228.800003,5
229.000000,5
229.199997,5
229.399994,5
229.600006,5
229.800003,5
230.000000,5
230.199997,5
230.399994,5
230.600006,5
230.800003,5
231.000000,5
231.199997,5
231.399994,5
231.600006,5
231.800003,5
232.000000,5
232.199997,5
232.399994,5
232.600006,5
232.800003,5
233.000000,5
233.199997,5
233.399994,5
233.600006,5
233.800003,5
234.000000,5
234.199997,5
234.399994,5
234.600006,5
234.800003,5
235.000000,5
235.199997,5
235.399994,5
235.600006,5
235.800003,5
236.000000,5
236.199997,5
236.399994,5
236.600006,5
236.800003,5
237.000000,5
237.199997,5
237.399994,5
237.600006,5
237.800003,5
238.000000,5
238.199997,5
238.399994,5
238.600006,5
238.800003,5
239.000000,5
239.199997,5
239.399994,5
239.600006,5
239.800003,5
240.000000,5
240.199997,5
240.399994,5
240.600006,5
240.800003,5
241.000000,5
241.199997,5
241.399994,5
241.600006,5
241.800003,5
242.000000,5
242.199997,5
242.399994,5
242.600006,5
242.800003,5
243.000000,5
243.199997,5
243.399994,5
243.600006,5
243.800003,5
244.000000,5
244.199997,5
244.399994,5
244.600006,5
244.800003,5
245.000000,5
245.199997,5
245.399994,5
245.600006,5
245.800003,5
246.000000,5
246.199997,5
246.399994,5
246.600006,5
246.800003,5
247.000000,5
247.199997,5
247.399994,5
247.600006,5
247.800003,5
248.000000,5
248.199997,5
248.399994,5
248.600006,5
248.800003,5
249.000000,5
249.199997,5
249.399994,5
249.600006,5
249.800003,5
250.000000,5
250.199997,5
250.399994,5
250.600006,5
250.800003,5
251.000000,5
251.199997,5
251.399994,5
251.600006,5
251.800003,5
252.000000,5
252.199997,5
252.399994,5
252.600006,5
252.800003,5
253.000000,5
253.199997,5
253.399994,5
253.600006,5
253.800003,5
254.000000,5
254.199997,5
254.399994,5
254.600006,5
254.800003,5
255.000000,5
255.199997,5
255.399994,5
255.600006,5
255.800003,5
256.000000,5
256.200012,5
256.399994,5
256.600006,5
256.799988,5
257.000000,5
257.200012,5
257.399994,5
257.600006,5
257.799988,5
258.000000,5
258.200012,5
258.399994,5
258.600006,5
258.799988,5
259.000000,5
259.200012,5
259.399994,5
259.600006,5
259.799988,5
260.000000,5
260.200012,5
260.399994,5
260.600006,5
260.799988,5
261.000000,5
261.200012,5
261.399994,5
261.600006,5
261.799988,5
262.000000,5
262.200012,5
262.399994,5
262.600006,5
262.799988,5
263.000000,5
263.200012,5
263.399994,5
263.600006,5
263.799988,5
264.000000,5
264.200012,5
264.399994,5
264.600006,5
264.799988,5
265.000000,5
265.200012,5
265.399994,5
265.600006,5
265.799988,5
266.000000,5
266.200012,5
266.399994,5
266.600006,5
266.799988,5
267.000000,5
267.200012,5
267.399994,5
267.600006,5
267.799988,5
268.000000,5
268.200012,5
268.399994,5
268.600006,5
268.799988,5
269.000000,5
269.200012,5
269.399994,5
269.600006,5
269.799988,5
270.000000,5
270.200012,5
270.399994,5
270.600006,5
270.799988,5
271.000000,5
271.200012,5
271.399994,5
271.600006,5
271.799988,5
272.000000,5
272.200012,5
272.399994,5
272.600006,5
272.799988,5
273.000000,5
273.200012,5
273.399994,5
273.600006,5
273.799988,5
274.000000,5
274.200012,5
274.399994,5
274.600006,5
274.799988,5
275.000000,5
275.200012,5
275.399994,5
275.600006,5
275.799988,5
276.000000,5
276.200012,5
276.399994,5
276.600006,5
276.799988,5
277.000000,5
277.200012,5
277.399994,5
277.600006,5
277.799988,5
278.000000,5
278.200012,5
278.399994,5
278.600006,5
278.799988,5
279.000000,5
279.200012,5
279.399994,5
279.600006,5
279.799988,5
280.000000,5
280.200012,5
280.399994,5
280.600006,5
280.799988,5
281.000000,5
281.200012,5
281.399994,5
281.600006,5
281.799988,5
282.000000,5
282.200012,5
282.399994,5
282.600006,5
282.799988,5
283.000000,5
283.200012,5
283.399994,5
283.600006,5
283.799988,5
284.000000,5
284.200012,5
284.399994,5
284.600006,5
284.799988,5
285.000000,5
285.200012,5
285.399994,5
285.600006,5
285.799988,5
286.000000,5
286.200012,5
286.399994,5
286.600006,5
286.799988,5
287.000000,5
287.200012,5
287.399994,5
287.600006,5
287.799988,5
288.000000,5
288.200012,5
288.399994,5
288.600006,5
288.799988,5
289.000000,5
289.200012,5
289.399994,5
289.600006,5
289.799988,5
290.000000,5
290.200012,5
290.399994,5
290.600006,5
290.799988,5
291.000000,5
291.200012,5
291.399994,5
291.600006,5
291.799988,5
292.000000,5
292.200012,5
292.399994,5
292.600006,5
292.799988,5
293.000000,5
293.200012,5
293.399994,5
293.600006,5
293.799988,5
294.000000,5
294.200012,5
294.399994,5
294.600006,5
294.799988,5
295.000000,5
295.200012,5
295.399994,5
295.600006,5
295.799988,5
296.000000,5
296.200012,5
296.399994,5
296.600006,5
296.799988,5
297.000000,5
297.200012,5
297.399994,5
297.600006,5
297.799988,5
298.000000,5
298.200012,5
298.399994,5
298.600006,5
298.799988,5
299.000000,5
299.200012,5
299.399994,5
299.600006,5
299.799988,5
300.000000,5
300.200012,5
300.399994,5
300.600006,5
300.799988,5
301.000000,5
301.200012,5
301.399994,5
301.600006,5
301.799988,5
302.000000,5
302.200012,5
302.399994,5
302.600006,5
302.799988,5
303.000000,5
303.200012,5
303.399994,5
303.600006,5
303.799988,5
304.000000,5
304.200012,5
304.399994,5
304.600006,5
304.799988,5
305.000000,5
305.200012,5
305.399994,5
305.600006,5
305.799988,5
306.000000,5
306.200012,5
306.399994,5
306.600006,5
306.799988,5
307.000000,5
307.200012,5
307.399994,5
307.600006,5
307.799988,5
308.000000,5
308.200012,5
308.399994,5
308.600006,5
308.799988,5
309.000000,5
309.200012,5
309.399994,5
309.600006,5
309.799988,5
310.000000,5
310.200012,5
310.399994,5
310.600006,5
310.799988,5
311.000000,5
311.200012,5
311.399994,5
311.600006,5
311.799988,5
312.000000,5
312.200012,5
312.399994,5
312.600006,5
312.799988,5
313.000000,5
313.200012,5
313.399994,5
313.600006,5
313.799988,5
314.000000,5
314.200012,5
314.399994,5
314.600006,5
314.799988,5
315.000000,5
315.200012,5
315.399994,5
315.600006,5
315.799988,5
316.000000,5
316.200012,5
316.399994,5
316.600006,5
316.799988,5
317.000000,5
317.200012,5
317.399994,5
317.600006,5
317.799988,5
318.000000,5
318.200012,5
318.399994,5
318.600006,5
318.799988,5
319.000000,5
319.200012,5
319.399994,5
319.600006,5
319.799988,5
320.000000,5
320.200012,5
320.399994,5
320.600006,5
320.799988,5
321.000000,5
321.200012,5
321.399994,5
321.600006,5
321.799988,5
322.000000,5
322.200012,5
322.399994,5
322.600006,5
322.799988,5
323.000000,5
323.200012,5
323.399994,5
323.600006,5
323.799988,5
324.000000,5
324.200012,5
324.399994,5
324.600006,5
324.799988,5
325.000000,5
325.200012,5
325.399994,5
325.600006,5
325.799988,5
326.000000,5
326.200012,5
326.399994,5
326.600006,5
326.799988,5
327.000000,5
327.200012,5
327.399994,5
327.600006,5
327.799988,5
328.000000,5
328.200012,5
328.399994,5
328.600006,5
328.799988,5
329.000000,5
329.200012,5
329.399994,5
329.600006,5
329.799988,5
330.000000,5
330.200012,5
330.399994,5
330.600006,5
330.799988,5
331.000000,5
331.200012,5
331.399994,5
331.600006,5
331.799988,5
332.000000,5
332.200012,5
332.399994,5
332.600006,5
332.799988,5
333.000000,5
333.200012,5
333.399994,5
333.600006,5
333.799988,5
334.000000,5
334.200012,5
334.399994,5
334.600006,5
334.799988,5
335.000000,5
335.200012,5
335.399994,5
335.600006,5
335.799988,5
336.000000,5
336.200012,5
336.399994,5
336.600006,5
336.799988,5
337.000000,5
337.200012,5
337.399994,5
337.600006,5
337.799988,5
338.000000,5
338.200012,5
338.399994,5
338.600006,5
338.799988,5
339.000000,5
339.200012,5
339.399994,5
339.600006,5
339.799988,5
340.000000,5
340.200012,5
340.399994,5
340.600006,5
340.799988,5
341.000000,5
341.200012,5
341.399994,5
341.600006,5
341.799988,5
342.000000,5
342.200012,5
342.399994,5
342.600006,5
342.799988,5
343.000000,5
343.200012,5
343.399994,5
343.600006,5
343.799988,5
344.000000,5
344.200012,5
344.399994,5
344.600006,5
344.799988,5
345.000000,5
345.200012,5
345.399994,5
345.600006,5
345.799988,5
346.000000,5
346.200012,5
346.399994,5
346.600006,5
346.799988,5
347.000000,5
347.200012,5
347.399994,5
347.600006,5
347.799988,5
348.000000,5
348.200012,5
348.399994,5
348.600006,5
348.799988,5
349.000000,5
349.200012,5
349.399994,5
349.600006,5
349.799988,5
350.000000,5
350.200012,5
350.399994,5
350.600006,5
350.799988,5
351.000000,5
351.200012,5
351.399994,5
351.600006,5
351.799988,5
352.000000,5
352.200012,5
352.399994,5
352.600006,5
352.799988,5
353.000000,5
353.200012,5
353.399994,5
353.600006,5
353.799988,5
354.000000,5
354.200012,5
354.399994,5
354.600006,5
354.799988,5
355.000000,5
355.200012,5
355.399994,5
355.600006,5
355.799988,5
356.000000,5
356.200012,5
356.399994,5
356.600006,5
356.799988,5
357.000000,5
357.200012,5
357.399994,5
357.600006,5
357.799988,5
358.000000,5
358.200012,5
358.399994,5
358.600006,5
358.799988,5
359.000000,5
359.200012,5
359.399994,5
359.600006,5
359.799988,5
360.000000,5
360.200012,5
360.399994,5
360.600006,5
360.799988,5
361.000000,5
361.200012,5
361.399994,5
361.600006,5
361.799988,5
362.000000,5
362.200012,5
362.399994,5
362.600006,5
362.799988,5
363.000000,5
363.200012,5
363.399994,5
363.600006,5
363.799988,5
364.000000,5
364.200012,5
364.399994,5
364.600006,5
364.799988,5
365.000000,5
365.200012,5
365.399994,5
365.600006,5
365.799988,5
366.000000,5
366.200012,5
366.399994,5
366.600006,5
366.799988,5
367.000000,5
367.200012,5
367.399994,5
367.600006,5
367.799988,5
368.000000,5
368.200012,5
368.399994,5
368.600006,5
368.799988,5
369.000000,5
369.200012,5
369.399994,5
369.600006,5
369.799988,5
370.000000,5
370.200012,5
370.399994,5
370.600006,5
370.799988,5
371.000000,5
371.200012,5
371.399994,5
371.600006,5
371.799988,5
372.000000,5
372.200012,5
372.399994,5
372.600006,5
372.799988,5
373.000000,5
373.200012,5
373.399994,5
373.600006,5
373.799988,5
374.000000,5
374.200012,5
374.399994,5
374.600006,5
374.799988,5
375.000000,5
375.200012,5
375.399994,5
375.600006,5
375.799988,5
376.000000,5
376.200012,5
376.399994,5
376.600006,5
376.799988,5
377.000000,5
377.200012,5
377.399994,5
377.600006,5
377.799988,5
378.000000,5
378.200012,5
378.399994,5
378.600006,5
378.799988,5
379.000000,5
379.200012,5
379.399994,5
379.600006,5
379.799988,5
380.000000,5
380.200012,5
380.399994,5
380.600006,5
380.799988,5
381.000000,5
381.200012,5
381.399994,5
381.600006,5
381.799988,5
382.000000,5
382.200012,5
382.399994,5
382.600006,5
382.799988,5
383.000000,5
383.200012,5
383.399994,5
383.600006,5
383.799988,5
384.000000,5
384.200012,5
384.399994,5
384.600006,5
384.799988,5
385.000000,5
385.200012,5
385.399994,5
385.600006,5
385.799988,5
386.000000,5
386.200012,5
386.399994,5
386.600006,5
386.799988,5
387.000000,5
387.200012,5
387.399994,5
387.600006,5
387.799988,5
388.000000,5
388.200012,5
388.399994,5
388.600006,5
388.799988,5
389.000000,5
389.200012,5
389.399994,5
389.600006,5
389.799988,5
390.000000,5
390.200012,5
390.399994,5
390.600006,5
390.799988,5
391.000000,5
391.200012,5
391.399994,5
391.600006,5
391.799988,5
392.000000,5
392.200012,5
392.399994,5
392.600006,5
392.799988,5
393.000000,5
393.200012,5
393.399994,5
393.600006,5
393.799988,5
394.000000,5
394.200012,5
394.399994,5
394.600006,5
394.799988,5
395.000000,5
395.200012,5
395.399994,5
395.600006,5
395.799988,5
396.000000,5
396.200012,5
396.399994,5
396.600006,5
396.799988,5
397.000000,5
397.200012,5
397.399994,5
397.600006,5
397.799988,5
398.000000,5
398.200012,5
398.399994,5
398.600006,5
398.799988,5
399.000000,5
399.200012,5
399.399994,5
399.600006,5
399.799988,5
400.000000,5
400.200012,5
400.399994,5
400.600006,5
400.799988,5
401.000000,5
401.200012,5
401.399994,5
401.600006,5
401.799988,5
402.000000,5
402.200012,5
402.399994,5
402.600006,5
402.799988,5
403.000000,5
403.200012,5
403.399994,5
403.600006,5
403.799988,5
404.000000,5
404.200012,5
404.399994,5
404.600006,5
404.799988,5
405.000000,5
405.200012,5
405.399994,5
405.600006,5
405.799988,5
406.000000,5
406.200012,5
406.399994,5
406.600006,5
406.799988,5
407.000000,5
407.200012,5
407.399994,5
407.600006,5
407.799988,5
408.000000,5
408.200012,5
408.399994,5
408.600006,5
408.799988,5
409.000000,5
409.200012,5
409.399994,5
409.600006,5
409.799988,5
410.000000,5
410.200012,5
410.399994,5
410.600006,5
410.799988,5
411.000000,5
411.200012,5
411.399994,5
411.600006,5
411.799988,5
412.000000,5
412.200012,5
412.399994,5
412.600006,5
412.799988,5
413.000000,5
413.200012,5
413.399994,5
413.600006,5
413.799988,5
414.000000,5
414.200012,5
414.399994,5
414.600006,5
414.799988,5
415.000000,5
415.200012,5
415.399994,5
415.600006,5
415.799988,5
416.000000,5
416.200012,5
416.399994,5
416.600006,5
416.799988,5
417.000000,5
417.200012,5
417.399994,5
417.600006,5
417.799988,5
418.000000,5
418.200012,5
418.399994,5
418.600006,5
418.799988,5
419.000000,5
419.200012,5
419.399994,5
419.600006,5
419.799988,5
420.000000,5
420.200012,5
420.399994,5
420.600006,5
420.799988,5
421.000000,5
421.200012,5
421.399994,5
421.600006,5
421.799988,5
422.000000,5
422.200012,5
422.399994,5
422.600006,5
422.799988,5
423.000000,5
423.200012,5
423.399994,5
423.600006,5
423.799988,5
424.000000,5
424.200012,5
424.399994,5
424.600006,5
424.799988,5
425.000000,5
425.200012,5
425.399994,5
425.600006,5
425.799988,5
426.000000,5
426.200012,5
426.399994,5
426.600006,5
426.799988,5
427.000000,5
427.200012,5
427.399994,5
427.600006,5
427.799988,5
428.000000,5
428.200012,5
428.399994,5
428.600006,5
428.799988,5
429.000000,5
429.200012,5
429.399994,5
429.600006,5
429.799988,5
430.000000,5
430.200012,5
430.399994,5
430.600006,5
430.799988,5
431.000000,5
431.200012,5
431.399994,5
431.600006,5
431.799988,5
432.000000,5
432.200012,5
432.399994,5
432.600006,5
432.799988,5
433.000000,5
433.200012,5
433.399994,5
433.600006,5
433.799988,5
434.000000,5
434.200012,5
434.399994,5
434.600006,5
434.799988,5
435.000000,5
435.200012,5
435.399994,5
435.600006,5
435.799988,5
436.000000,5
436.200012,5
436.399994,5
436.600006,5
436.799988,5
437.000000,5
437.200012,5
437.399994,5
437.600006,5
437.799988,5
438.000000,5
438.200012,5
438.399994,5
438.600006,5
438.799988,5
439.000000,5
439.200012,5
439.399994,5
439.600006,5
439.799988,5
440.000000,5
440.200012,5
440.399994,5
440.600006,5
440.799988,5
441.000000,5
441.200012,5
441.399994,5
441.600006,5
441.799988,5
442.000000,5
442.200012,5
442.399994,5
442.600006,5
442.799988,5
443.000000,5
443.200012,5
443.399994,5
443.600006,5
443.799988,5
444.000000,5
444.200012,5
444.399994,5
444.600006,5
444.799988,5
445.000000,5
445.200012,5
445.399994,5
445.600006,5
445.799988,5
446.000000,5
446.200012,5
446.399994,5
446.600006,5
446.799988,5
447.000000,5
447.200012,5
447.399994,5
447.600006,5
447.799988,5
448.000000,5
448.200012,5
448.399994,5
448.600006,5
448.799988,5
449.000000,5
449.200012,5
449.399994,5
449.600006,5
449.799988,5
450.000000,5
450.200012,5
450.399994,5
450.600006,5
450.799988,5
451.000000,5
451.200012,5
451.399994,5
451.600006,5
451.799988,5
452.000000,5
452.200012,5
452.399994,5
452.600006,5
452.799988,5
453.000000,5
453.200012,5
453.399994,5
453.600006,5
453.799988,5
454.000000,5
454.200012,5
454.399994,5
454.600006,5
454.799988,5
455.000000,5
455.200012,5
455.399994,5
455.600006,5
455.799988,5
456.000000,5
456.200012,5
456.399994,5
456.600006,5
456.799988,5
457.000000,5
457.200012,5
457.399994,5
457.600006,5
457.799988,5
458.000000,5
458.200012,5
458.399994,5
458.600006,5
458.799988,5
459.000000,5
459.200012,5
459.399994,5
459.600006,5
459.799988,5
460.000000,5
460.200012,5
460.399994,5
460.600006,5
460.799988,5
461.000000,5
461.200012,5
461.399994,5
461.600006,5
461.799988,5
462.000000,5
462.200012,5
462.399994,5
462.600006,5
462.799988,5
463.000000,5
463.200012,5
463.399994,5
463.600006,5
463.799988,5
464.000000,5
464.200012,5
464.399994,5
464.600006,5
464.799988,5
465.000000,5
465.200012,5
465.399994,5
465.600006,5
465.799988,5
466.000000,5
466.200012,5
466.399994,5
466.600006,5
466.799988,5
467.000000,5
467.200012,5
467.399994,5
467.600006,5
467.799988,5
468.000000,5
468.200012,5
468.399994,5
468.600006,5
468.799988,5
469.000000,5
469.200012,5
469.399994,5
469.600006,5
469.799988,5
470.000000,5
470.200012,5
470.399994,5
470.600006,5
470.799988,5
471.000000,5
471.200012,5
471.399994,5
471.600006,5
471.799988,5
472.000000,5
472.200012,5
472.399994,5
472.600006,5
472.799988,5
473.000000,5
473.200012,5
473.399994,5
473.600006,5
473.799988,5
474.000000,5
474.200012,5
474.399994,5
474.600006,5
474.799988,5
475.000000,5
475.200012,5
475.399994,5
475.600006,5
475.799988,5
476.000000,5
476.200012,5
476.399994,5
476.600006,5
476.799988,5
477.000000,5
477.200012,5
477.399994,5
477.600006,5
477.799988,5
478.000000,5
478.200012,5
478.399994,5
478.600006,5
478.799988,5
479.000000,5
479.200012,5
479.399994,5
479.600006,5
479.799988,5
480.000000,5
480.200012,5
480.399994,5
480.600006,5
480.799988,5
481.000000,5
481.200012,5
481.399994,5
481.600006,5
481.799988,5
482.000000,5
482.200012,5
482.399994,5
482.600006,5
482.799988,5
483.000000,5
483.200012,5
483.399994,5
483.600006,5
483.799988,5
484.000000,5
484.200012,5
484.399994,5
484.600006,5
484.799988,5
485.000000,5
485.200012,5
485.399994,5
485.600006,5
485.799988,5
486.000000,5
486.200012,5
486.399994,5
486.600006,5
486.799988,5
487.000000,5
487.200012,5
487.399994,5
487.600006,5
487.799988,5
488.000000,5
488.200012,5
488.399994,5
488.600006,5
488.799988,5
489.000000,5
489.200012,5
489.399994,5
489.600006,5
489.799988,5
490.000000,5
490.200012,5
490.399994,5
490.600006,5
490.799988,5
491.000000,5
491.200012,5
491.399994,5
491.600006,5
491.799988,5
492.000000,5
492.200012,5
492.399994,5
492.600006,5
492.799988,5
493.000000,5
493.200012,5
493.399994,5
493.600006,5
493.799988,5
494.000000,5
494.200012,5
494.399994,5
494.600006,5
494.799988,5
495.000000,5
495.200012,5
495.399994,5
495.600006,5
495.799988,5
496.000000,5
496.200012,5
496.399994,5
496.600006,5
496.799988,5
497.000000,5
497.200012,5
497.399994,5
497.600006,5
497.799988,5
498.000000,5
498.200012,5
498.399994,5
498.600006,5
498.799988,5
499.000000,5
499.200012,5
499.399994,5
499.600006,5
499.799988,5
500.000000,5
